function,d,eps,n_runs,n_hits,hit_rate,T_first,tau_min,tau_med,tau_max,p_hat,a_valid,clustering,gamma_mean,l2_mean,l3_mean,a_t,predicted_hazard,gap_factor,km_times,km_survival
cec2017_f1,50,0.01,51,51,1.0,454.0,454.0,480.0,501.0,0.06227106227106227,0.0044351726230561495,0.07122365447613699,0.9673593988493601,0.9673593988493601,1.0,7.239432647076588e-13,7.00313321348644e-13,88918860134.12166,"[454 462 463 464 465 466 467 469 470 472 474 475 476 477 478 479 480 481
 482 483 484 485 486 488 489 490 492 495 498 501]","[0.98039216 0.96078431 0.94117647 0.90196078 0.88235294 0.8627451
 0.80392157 0.76470588 0.74509804 0.70588235 0.68627451 0.66666667
 0.62745098 0.60784314 0.56862745 0.54901961 0.49019608 0.39215686
 0.37254902 0.33333333 0.2745098  0.23529412 0.19607843 0.17647059
 0.11764706 0.09803922 0.05882353 0.03921569 0.01960784 0.        ]"
cec2017_f1,50,1.0,51,51,1.0,393.0,393.0,424.0,441.0,0.06211936662606577,0.0028534450656043653,0.04593487056590557,0.9629185007336267,0.9629185007336267,1.0,7.239432647076588e-13,6.970983630685059e-13,89111336243.32025,"[393 406 408 409 410 411 412 413 414 416 417 418 419 421 422 423 424 425
 426 427 429 430 431 432 433 434 435 437 440 441]","[0.98039216 0.96078431 0.94117647 0.92156863 0.90196078 0.8627451
 0.84313725 0.78431373 0.76470588 0.74509804 0.70588235 0.66666667
 0.64705882 0.62745098 0.58823529 0.54901961 0.49019608 0.45098039
 0.37254902 0.2745098  0.21568627 0.19607843 0.15686275 0.1372549
 0.11764706 0.07843137 0.05882353 0.03921569 0.01960784 0.        ]"
cec2017_f1,50,10.0,51,51,1.0,364.0,364.0,395.0,412.0,0.07338129496402877,0.003781869513612812,0.05153724141099813,0.9603083952027412,0.9603083952027412,1.0,7.239432647076588e-13,6.952087947492451e-13,105552886439.67267,"[364 379 381 382 385 387 388 389 390 391 392 393 394 395 396 397 398 399
 400 401 402 403 405 406 408 412]","[0.98039216 0.94117647 0.92156863 0.88235294 0.84313725 0.82352941
 0.78431373 0.7254902  0.68627451 0.64705882 0.56862745 0.54901961
 0.52941176 0.49019608 0.47058824 0.35294118 0.33333333 0.23529412
 0.21568627 0.17647059 0.15686275 0.11764706 0.09803922 0.05882353
 0.03921569 0.        ]"
cec2017_f1,50,100.0,51,51,1.0,188.0,188.0,365.0,386.0,0.07193229901269393,0.0002469160211814314,0.0034326168434830368,0.9573575129533679,0.9573575129533679,1.0,7.239432647076588e-13,6.93072523419866e-13,103787549761.39355,"[188 349 350 352 354 356 358 360 361 362 363 364 365 366 367 368 369 370
 371 372 373 374 375 376 378 383 386]","[0.98039216 0.96078431 0.94117647 0.92156863 0.8627451  0.80392157
 0.76470588 0.74509804 0.70588235 0.64705882 0.62745098 0.56862745
 0.49019608 0.47058824 0.43137255 0.37254902 0.35294118 0.2745098
 0.25490196 0.19607843 0.17647059 0.1372549  0.09803922 0.05882353
 0.03921569 0.01960784 0.        ]"
cec2017_f1,50,400.0,51,51,1.0,174.0,174.0,346.0,366.0,0.05795454545454545,0.0003987666675902002,0.006880679754497572,0.9541095126575221,0.9541095126575221,1.0,7.239432647076588e-13,6.907211554819199e-13,83904401934.97513,"[174 192 325 326 329 331 332 334 335 337 338 340 341 342 343 344 345 346
 347 348 349 350 351 352 354 355 356 358 361 365 366]","[0.98039216 0.96078431 0.94117647 0.92156863 0.90196078 0.88235294
 0.8627451  0.84313725 0.82352941 0.78431373 0.74509804 0.7254902
 0.70588235 0.68627451 0.60784314 0.56862745 0.52941176 0.49019608
 0.43137255 0.33333333 0.31372549 0.2745098  0.23529412 0.19607843
 0.15686275 0.1372549  0.09803922 0.05882353 0.03921569 0.01960784
 0.        ]"
cec2017_f2,50,0.01,51,51,1.0,516.0,516.0,625.0,829.0,0.04257095158597663,0.002632382311797521,0.06183517665751823,0.9956479576148916,0.9958135244447598,0.9998344331701318,7.239432647076588e-13,7.207926329352373e-13,59061302295.249176,"[516 526 538 542 552 554 559 562 563 564 566 568 573 579 582 585 595 604
 607 609 618 620 625 628 629 631 633 636 646 651 655 658 660 662 664 668
 673 674 686 687 688 689 691 694 748 782 829]","[0.98039216 0.96078431 0.94117647 0.92156863 0.90196078 0.88235294
 0.8627451  0.84313725 0.80392157 0.78431373 0.76470588 0.74509804
 0.7254902  0.70588235 0.68627451 0.64705882 0.60784314 0.58823529
 0.56862745 0.54901961 0.52941176 0.50980392 0.49019608 0.47058824
 0.45098039 0.43137255 0.41176471 0.37254902 0.35294118 0.33333333
 0.31372549 0.29411765 0.2745098  0.25490196 0.23529412 0.21568627
 0.19607843 0.17647059 0.15686275 0.1372549  0.11764706 0.09803922
 0.07843137 0.05882353 0.03921569 0.01960784 0.        ]"
cec2017_f2,50,1.0,51,51,1.0,490.0,490.0,595.0,801.0,0.04018912529550828,0.0024220469721090154,0.060266227600124324,0.9954958262955619,0.9956671807299698,0.999828645565592,7.239432647076588e-13,7.206824984912575e-13,55765368771.46851,"[490 505 514 516 517 528 529 530 534 535 538 540 542 544 545 551 557 564
 565 569 572 574 580 587 591 595 600 601 604 606 608 609 618 625 628 634
 636 644 650 652 660 661 665 715 758 801]","[0.98039216 0.96078431 0.94117647 0.92156863 0.90196078 0.88235294
 0.8627451  0.84313725 0.82352941 0.80392157 0.78431373 0.76470588
 0.74509804 0.7254902  0.70588235 0.68627451 0.66666667 0.64705882
 0.62745098 0.60784314 0.58823529 0.56862745 0.54901961 0.52941176
 0.50980392 0.49019608 0.47058824 0.45098039 0.43137255 0.41176471
 0.39215686 0.37254902 0.35294118 0.33333333 0.31372549 0.29411765
 0.21568627 0.17647059 0.1372549  0.11764706 0.09803922 0.07843137
 0.05882353 0.03921569 0.01960784 0.        ]"
cec2017_f2,50,10.0,51,51,1.0,474.0,474.0,579.0,783.0,0.04407951598962835,0.0028827237026495256,0.06539826125422551,0.9953922820724713,0.9955675756892796,0.9998247063831919,7.239432647076588e-13,7.206075383483518e-13,61169934595.27161,"[474 484 494 496 507 510 511 515 516 519 524 525 526 533 535 544 550 552
 557 564 565 573 578 579 583 586 587 590 603 608 610 616 621 626 629 631
 638 639 647 651 697 736 783]","[0.98039216 0.96078431 0.94117647 0.92156863 0.90196078 0.88235294
 0.8627451  0.84313725 0.82352941 0.78431373 0.76470588 0.74509804
 0.7254902  0.70588235 0.68627451 0.64705882 0.62745098 0.60784314
 0.58823529 0.56862745 0.54901961 0.52941176 0.50980392 0.49019608
 0.45098039 0.43137255 0.39215686 0.37254902 0.35294118 0.33333333
 0.31372549 0.25490196 0.21568627 0.19607843 0.17647059 0.1372549
 0.11764706 0.09803922 0.07843137 0.05882353 0.03921569 0.01960784
 0.        ]"
cec2017_f2,50,100.0,51,51,1.0,397.0,397.0,529.0,743.0,0.041598694942903754,0.00168260011121113,0.04044838698715383,0.9951442218879476,0.995328952576993,0.9998152693109545,7.239432647076588e-13,7.204279568485237e-13,57741644459.32273,"[397 414 432 438 441 442 443 444 447 452 462 463 473 488 489 493 497 498
 501 505 522 525 528 529 543 546 550 551 558 559 560 574 575 579 583 586
 589 593 599 606 609 612 624 679 698 743]","[0.98039216 0.96078431 0.94117647 0.92156863 0.90196078 0.88235294
 0.8627451  0.84313725 0.82352941 0.80392157 0.78431373 0.76470588
 0.74509804 0.7254902  0.70588235 0.68627451 0.66666667 0.64705882
 0.62745098 0.60784314 0.58823529 0.52941176 0.50980392 0.49019608
 0.45098039 0.43137255 0.41176471 0.39215686 0.37254902 0.35294118
 0.33333333 0.31372549 0.29411765 0.2745098  0.25490196 0.23529412
 0.19607843 0.17647059 0.1372549  0.11764706 0.09803922 0.07843137
 0.05882353 0.03921569 0.01960784 0.        ]"
cec2017_f2,50,400.0,51,51,1.0,325.0,325.0,422.0,611.0,0.04314720812182741,0.0020187802437239277,0.046788200942778094,0.9940951830814159,0.9943198228554924,0.9997753602259234,7.239432647076588e-13,7.196685122701181e-13,59954280875.40486,"[325 342 354 361 362 371 373 383 391 394 398 402 404 405 406 409 413 414
 415 416 420 422 424 426 427 429 431 432 441 443 452 453 454 459 472 473
 476 478 479 486 490 491 496 506 569 611]","[0.98039216 0.96078431 0.94117647 0.92156863 0.90196078 0.88235294
 0.8627451  0.82352941 0.80392157 0.78431373 0.76470588 0.7254902
 0.70588235 0.68627451 0.66666667 0.64705882 0.62745098 0.60784314
 0.58823529 0.56862745 0.50980392 0.49019608 0.47058824 0.45098039
 0.43137255 0.41176471 0.39215686 0.37254902 0.35294118 0.33333333
 0.31372549 0.29411765 0.2745098  0.25490196 0.23529412 0.21568627
 0.19607843 0.17647059 0.1372549  0.11764706 0.09803922 0.07843137
 0.05882353 0.03921569 0.01960784 0.        ]"
cec2017_f3,50,0.01,51,51,1.0,279.0,279.0,299.0,340.0,0.05992949471210341,0.013246592843778826,0.22103628451089766,0.9451557093425607,0.9451557093425607,1.0,7.239432647076588e-13,6.842391098785364e-13,87585602528.24757,"[279 281 282 286 287 288 289 290 292 293 295 296 297 298 299 300 302 303
 305 306 309 310 313 316 317 318 319 320 321 322 331 332 333 340]","[0.98039216 0.96078431 0.92156863 0.88235294 0.84313725 0.82352941
 0.80392157 0.78431373 0.74509804 0.68627451 0.66666667 0.58823529
 0.56862745 0.52941176 0.49019608 0.47058824 0.45098039 0.43137255
 0.39215686 0.35294118 0.33333333 0.31372549 0.29411765 0.25490196
 0.23529412 0.21568627 0.17647059 0.1372549  0.11764706 0.09803922
 0.07843137 0.03921569 0.01960784 0.        ]"
cec2017_f3,50,1.0,51,51,1.0,223.0,223.0,243.0,277.0,0.05495689655172414,0.012438311010662617,0.22632848270382175,0.9326820981100022,0.9326820981100022,1.0,7.239432647076588e-13,6.75208923040144e-13,81392432292.3332,"[223 225 226 228 230 232 233 234 235 236 237 238 239 240 241 242 243 245
 246 247 249 250 251 252 254 255 256 257 260 261 270 271 273 277]","[0.98039216 0.96078431 0.94117647 0.92156863 0.90196078 0.88235294
 0.8627451  0.82352941 0.78431373 0.74509804 0.7254902  0.68627451
 0.66666667 0.62745098 0.58823529 0.54901961 0.49019608 0.47058824
 0.45098039 0.43137255 0.41176471 0.35294118 0.31372549 0.29411765
 0.2745098  0.25490196 0.21568627 0.19607843 0.11764706 0.09803922
 0.07843137 0.05882353 0.03921569 0.        ]"
cec2017_f3,50,10.0,51,51,1.0,197.0,197.0,216.0,249.0,0.06181818181818182,0.013810760065422145,0.22340935399947587,0.9251122135601229,0.9251122135601229,1.0,7.239432647076588e-13,6.697287561056443e-13,92303311235.4974,"[197 198 199 200 203 205 206 209 210 211 212 213 214 215 216 217 218 219
 221 223 225 226 227 228 230 232 234 235 240 242 245 249]","[0.98039216 0.96078431 0.94117647 0.92156863 0.90196078 0.88235294
 0.84313725 0.82352941 0.76470588 0.68627451 0.66666667 0.60784314
 0.54901961 0.50980392 0.47058824 0.45098039 0.43137255 0.41176471
 0.39215686 0.31372549 0.29411765 0.2745098  0.23529412 0.17647059
 0.15686275 0.1372549  0.11764706 0.09803922 0.07843137 0.05882353
 0.03921569 0.        ]"
cec2017_f3,50,100.0,51,51,1.0,170.0,170.0,190.0,222.0,0.06746031746031746,0.012815206413932967,0.18996658919477105,0.9160042395336513,0.9160042395336513,1.0,7.239432647076588e-13,6.631350996540478e-13,101729372333.79889,"[170 171 177 178 180 181 182 183 184 185 186 187 188 190 191 193 194 195
 196 197 198 200 201 202 203 204 205 212 213 216 218 222]","[0.94117647 0.92156863 0.90196078 0.8627451  0.82352941 0.80392157
 0.78431373 0.74509804 0.70588235 0.68627451 0.58823529 0.54901961
 0.52941176 0.49019608 0.41176471 0.39215686 0.35294118 0.33333333
 0.29411765 0.2745098  0.25490196 0.23529412 0.19607843 0.17647059
 0.15686275 0.11764706 0.09803922 0.07843137 0.05882353 0.03921569
 0.01960784 0.        ]"
cec2017_f3,50,400.0,51,51,1.0,152.0,152.0,173.0,207.0,0.060498220640569395,0.011313977610096226,0.1870133946139435,0.9099175902244956,0.9099175902244956,1.0,7.239432647076588e-13,6.587287108820471e-13,91840874158.28804,"[152 154 155 156 159 162 163 164 165 166 167 168 169 170 171 172 173 175
 176 178 179 180 181 184 185 186 187 192 194 195 198 199 207]","[0.98039216 0.96078431 0.94117647 0.92156863 0.90196078 0.88235294
 0.84313725 0.80392157 0.76470588 0.74509804 0.68627451 0.62745098
 0.60784314 0.58823529 0.54901961 0.50980392 0.45098039 0.39215686
 0.33333333 0.31372549 0.29411765 0.2745098  0.23529412 0.19607843
 0.17647059 0.1372549  0.11764706 0.09803922 0.07843137 0.05882353
 0.03921569 0.01960784 0.        ]"
cec2017_f4,50,0.01,51,0,0.0,,,,,,,,,,,7.239432647076588e-13,,,,
cec2017_f4,50,1.0,51,0,0.0,,,,,,,,,,,7.239432647076588e-13,,,,
cec2017_f4,50,10.0,51,8,0.1568627450980392,1232.0,1232.0,1380.0,1579.0,0.021052631578947368,0.00045175043167144935,0.021458145504393844,0.9882312430976914,0.9882312430976914,1.0,7.239432647076588e-13,7.154233524142507e-13,29426816314.9884,[1232. 1301. 1302. 1307. 1453. 1508. 1555. 1579.],"[0.98039216 0.96078431 0.94117647 0.92156863 0.90196078 0.88235294
 0.8627451  0.84313725]"
cec2017_f4,50,100.0,51,29,0.5686274509803921,219.0,219.0,633.0,1580.0,0.02702702702702703,0.000617124609895825,0.022833610566145524,0.9915173130552377,0.9915173130552377,1.0,7.239432647076588e-13,7.178022806273746e-13,37652467478.09833,"[ 219.  257.  265.  274.  283.  296.  309.  320.  331.  449.  475.  489.
  548.  607.  633.  649.  695.  701.  707.  708.  732.  736.  738.  826.
  846.  882.  886.  905. 1580.]","[0.98039216 0.96078431 0.94117647 0.92156863 0.90196078 0.88235294
 0.8627451  0.84313725 0.82352941 0.80392157 0.78431373 0.76470588
 0.74509804 0.7254902  0.70588235 0.68627451 0.66666667 0.64705882
 0.62745098 0.60784314 0.58823529 0.56862745 0.54901961 0.52941176
 0.50980392 0.49019608 0.47058824 0.45098039 0.43137255]"
cec2017_f4,50,400.0,51,51,1.0,51.0,51.0,54.0,56.0,0.27419354838709675,0.039215686274509776,0.14302191464821212,1.0,1.0,1.0,7.239432647076588e-13,7.239432647076588e-13,378750050941.9353,[51 52 53 54 55 56],[0.96078431 0.82352941 0.60784314 0.21568627 0.03921569 0.        ]
cec2017_f5,50,0.01,51,0,0.0,,,,,,,,,,,7.239432647076588e-13,,,,
cec2017_f5,50,1.0,51,0,0.0,,,,,,,,,,,7.239432647076588e-13,,,,
cec2017_f5,50,10.0,51,11,0.21568627450980393,2175.0,2175.0,2448.0,2798.0,0.021739130434782608,0.00036248173947461826,0.01667416001583244,0.06545244627788264,0.5645398815381265,0.1390450986878377,7.239432647076588e-13,4.738385764151301e-14,458787686710.7787,[2175. 2227. 2318. 2333. 2338. 2448. 2460. 2566. 2678. 2776. 2798.],"[0.98039216 0.96078431 0.94117647 0.92156863 0.90196078 0.88235294
 0.8627451  0.84313725 0.82352941 0.80392157 0.78431373]"
cec2017_f5,50,100.0,51,51,1.0,699.0,699.0,847.0,940.0,0.04578096947935368,0.0012115483490514611,0.026464016879280936,0.21049228201919068,0.39830701428493454,0.44717094284522324,7.239432647076588e-13,1.5238446984073814e-13,300430677267.8399,"[699 731 735 764 771 780 798 801 810 811 814 819 820 823 827 828 833 839
 841 846 847 848 849 850 853 854 858 862 863 865 868 870 872 873 875 882
 886 891 901 903 917 937 940]","[0.98039216 0.96078431 0.94117647 0.92156863 0.90196078 0.88235294
 0.8627451  0.84313725 0.82352941 0.78431373 0.76470588 0.74509804
 0.7254902  0.70588235 0.68627451 0.66666667 0.60784314 0.56862745
 0.52941176 0.50980392 0.49019608 0.47058824 0.45098039 0.43137255
 0.41176471 0.37254902 0.33333333 0.31372549 0.29411765 0.2745098
 0.25490196 0.23529412 0.21568627 0.17647059 0.15686275 0.1372549
 0.11764706 0.09803922 0.07843137 0.05882353 0.03921569 0.01960784
 0.        ]"
cec2017_f5,50,400.0,51,51,1.0,33.0,33.0,58.0,79.0,0.06472081218274112,0.006713432632750815,0.10372911597269888,1.0,1.0,1.0,7.239432647076588e-13,7.239432647076588e-13,89400392735.02534,"[33 34 41 42 43 44 49 50 51 52 53 54 55 56 57 58 59 61 62 63 64 65 66 67
 68 69 71 73 74 79]","[0.98039216 0.96078431 0.94117647 0.92156863 0.90196078 0.88235294
 0.8627451  0.84313725 0.78431373 0.76470588 0.7254902  0.68627451
 0.58823529 0.54901961 0.50980392 0.43137255 0.37254902 0.29411765
 0.2745098  0.23529412 0.21568627 0.17647059 0.1372549  0.11764706
 0.09803922 0.07843137 0.05882353 0.03921569 0.01960784 0.        ]"
cec2017_f6,50,0.01,51,51,1.0,208.0,208.0,219.0,261.0,0.09272727272727273,0.00995148663330303,0.1073199538885621,0.9998497483284503,0.9998497483284503,1.0,7.239432647076588e-13,7.238344910220294e-13,128105628948.88446,"[208 211 212 213 214 215 216 217 218 219 220 221 223 226 227 228 230 231
 234 235 239 245 250 261]","[0.98039216 0.96078431 0.92156863 0.78431373 0.74509804 0.68627451
 0.64705882 0.58823529 0.50980392 0.47058824 0.45098039 0.39215686
 0.35294118 0.31372549 0.23529412 0.17647059 0.15686275 0.11764706
 0.09803922 0.07843137 0.05882353 0.03921569 0.01960784 0.        ]"
cec2017_f6,50,1.0,51,51,1.0,117.0,117.0,121.0,127.0,0.1895910780669145,0.019607843137254943,0.10342176086120744,0.9996912150687047,0.9996912150687047,1.0,7.239432647076588e-13,7.237197219364044e-13,261967543954.22498,[117 118 119 120 121 122 123 124 125 127],"[0.98039216 0.82352941 0.76470588 0.64705882 0.43137255 0.31372549
 0.21568627 0.07843137 0.01960784 0.        ]"
cec2017_f6,50,10.0,51,51,1.0,71.0,71.0,76.0,80.0,0.17586206896551723,0.019607843137254943,0.11149557862360655,0.9995098039215687,0.9995098039215687,1.0,7.239432647076588e-13,7.235883905582924e-13,243041584497.82333,[71 72 73 74 75 76 77 78 79 80],"[0.98039216 0.90196078 0.8627451  0.74509804 0.56862745 0.39215686
 0.15686275 0.05882353 0.01960784 0.        ]"
cec2017_f6,50,100.0,51,51,1.0,8.0,8.0,15.0,18.0,0.14825581395348839,0.019607843137254943,0.13225682429834706,0.9970740234078127,0.9970740234078127,1.0,7.239432647076588e-13,7.218250236610526e-13,205390238761.11127,[ 8 10 11 12 13 14 15 16 17 18],"[0.98039216 0.94117647 0.92156863 0.90196078 0.84313725 0.66666667
 0.33333333 0.1372549  0.01960784 0.        ]"
cec2017_f6,50,400.0,51,51,1.0,1.0,1.0,1.0,1.0,1.0,0.0,0.0,1.0,1.0,1.0,7.239432647076588e-13,7.239432647076588e-13,1381323715199.9995,[1],[0.]
cec2017_f7,50,0.01,51,0,0.0,,,,,,,,,,,7.239432647076588e-13,,,,
cec2017_f7,50,1.0,51,0,0.0,,,,,,,,,,,7.239432647076588e-13,,,,
cec2017_f7,50,10.0,51,0,0.0,,,,,,,,,,,7.239432647076588e-13,,,,
cec2017_f7,50,100.0,51,51,1.0,1188.0,1188.0,1385.0,1505.0,0.04340425531914894,0.0012131956733781868,0.027951076788615085,0.1500097713504006,0.5981172587454404,0.2972575076542245,7.239432647076588e-13,1.0859856360945845e-13,399676145581.806,"[1188 1196 1206 1215 1272 1274 1295 1297 1302 1303 1320 1325 1332 1333
 1337 1338 1342 1349 1356 1359 1376 1381 1385 1386 1387 1397 1400 1404
 1417 1418 1421 1424 1426 1428 1431 1438 1443 1449 1451 1456 1460 1476
 1478 1505]","[0.98039216 0.96078431 0.94117647 0.92156863 0.90196078 0.88235294
 0.8627451  0.82352941 0.80392157 0.78431373 0.76470588 0.74509804
 0.7254902  0.70588235 0.68627451 0.66666667 0.62745098 0.58823529
 0.56862745 0.54901961 0.52941176 0.50980392 0.49019608 0.47058824
 0.43137255 0.41176471 0.39215686 0.37254902 0.35294118 0.33333333
 0.31372549 0.29411765 0.25490196 0.23529412 0.21568627 0.19607843
 0.17647059 0.15686275 0.1372549  0.09803922 0.07843137 0.05882353
 0.03921569 0.        ]"
cec2017_f7,50,400.0,51,51,1.0,63.0,63.0,107.0,161.0,0.05130784708249497,0.0050918691978314445,0.09924152907145992,0.9973010943507838,0.9973010943507838,1.0,7.239432647076588e-13,7.219894101408274e-13,71064542445.9718,"[ 63  65  67  78  79  88  91  92  93  95  96  98 100 101 103 105 106 107
 108 110 111 115 116 119 121 123 126 127 128 131 132 133 136 140 144 150
 153 161]","[0.98039216 0.96078431 0.94117647 0.92156863 0.88235294 0.8627451
 0.84313725 0.82352941 0.80392157 0.78431373 0.74509804 0.7254902
 0.68627451 0.66666667 0.64705882 0.58823529 0.56862745 0.49019608
 0.47058824 0.45098039 0.43137255 0.41176471 0.37254902 0.35294118
 0.33333333 0.31372549 0.2745098  0.23529412 0.21568627 0.15686275
 0.1372549  0.11764706 0.09803922 0.07843137 0.05882353 0.03921569
 0.01960784 0.        ]"
cec2017_f8,50,0.01,51,0,0.0,,,,,,,,,,,7.239432647076588e-13,,,,
cec2017_f8,50,1.0,51,0,0.0,,,,,,,,,,,7.239432647076588e-13,,,,
cec2017_f8,50,10.0,51,11,0.21568627450980393,2059.0,2059.0,2537.0,2850.0,0.021739130434782608,0.000233950489259116,0.010761722505919336,0.06440167863374262,0.5593881067644085,0.13728084684088654,7.239432647076588e-13,4.662316148276511e-14,466273194339.6583,[2059. 2060. 2090. 2335. 2499. 2537. 2663. 2684. 2693. 2815. 2850.],"[0.98039216 0.96078431 0.94117647 0.92156863 0.90196078 0.88235294
 0.8627451  0.84313725 0.82352941 0.80392157 0.78431373]"
cec2017_f8,50,100.0,51,51,1.0,704.0,704.0,850.0,936.0,0.04619565217391304,0.0009933525576603097,0.02150316124817612,0.20799815652756828,0.35610201762946064,0.44337606837606836,7.239432647076588e-13,1.5057886448974242e-13,306787093463.9697,"[704 726 764 770 771 776 782 796 800 803 808 809 812 825 826 827 832 833
 839 841 850 853 855 856 861 864 865 866 868 874 878 881 882 886 888 891
 892 905 913 914 915 916 936]","[0.98039216 0.96078431 0.94117647 0.92156863 0.90196078 0.88235294
 0.8627451  0.84313725 0.80392157 0.78431373 0.74509804 0.7254902
 0.70588235 0.68627451 0.64705882 0.62745098 0.60784314 0.54901961
 0.52941176 0.50980392 0.49019608 0.47058824 0.45098039 0.43137255
 0.41176471 0.37254902 0.35294118 0.33333333 0.29411765 0.2745098
 0.25490196 0.21568627 0.19607843 0.17647059 0.15686275 0.1372549
 0.11764706 0.09803922 0.07843137 0.05882353 0.03921569 0.01960784
 0.        ]"
cec2017_f8,50,400.0,51,51,1.0,41.0,41.0,57.0,74.0,0.075,0.012051713658030372,0.16068951544040497,1.0,1.0,1.0,7.239432647076588e-13,7.239432647076588e-13,103599278639.99995,"[41 42 45 46 48 50 51 52 53 54 55 56 57 58 59 60 61 62 63 65 66 67 68 69
 71 74]","[0.98039216 0.96078431 0.94117647 0.92156863 0.8627451  0.82352941
 0.76470588 0.70588235 0.68627451 0.64705882 0.56862745 0.50980392
 0.47058824 0.43137255 0.39215686 0.37254902 0.35294118 0.29411765
 0.21568627 0.1372549  0.09803922 0.07843137 0.05882353 0.03921569
 0.01960784 0.        ]"
cec2017_f9,50,0.01,51,51,1.0,162.0,162.0,165.0,170.0,0.24056603773584906,0.05882352941176472,0.24452133794694353,1.0,1.0,1.0,7.239432647076588e-13,7.239432647076588e-13,332299572996.2263,[162 163 164 165 166 167 168 170],"[0.94117647 0.82352941 0.62745098 0.37254902 0.25490196 0.09803922
 0.03921569 0.        ]"
cec2017_f9,50,1.0,51,51,1.0,125.0,125.0,130.0,134.0,0.20238095238095238,0.019607843137254943,0.09688581314878913,1.0,1.0,1.0,7.239432647076588e-13,7.239432647076588e-13,279553609028.57135,[125 127 128 129 130 131 132 133 134],"[0.98039216 0.92156863 0.80392157 0.50980392 0.39215686 0.19607843
 0.09803922 0.03921569 0.        ]"
cec2017_f9,50,10.0,51,51,1.0,102.0,102.0,105.0,108.0,0.25757575757575757,0.07843137254901955,0.30449826989619355,1.0,1.0,1.0,7.239432647076588e-13,7.239432647076588e-13,355795502399.9999,[102 103 104 105 106 107 108],"[0.92156863 0.84313725 0.58823529 0.39215686 0.11764706 0.01960784
 0.        ]"
cec2017_f9,50,100.0,51,51,1.0,79.0,79.0,84.0,88.0,0.18545454545454546,0.019607843137254943,0.10572856593617862,1.0,1.0,1.0,7.239432647076588e-13,7.239432647076588e-13,256172761727.9999,[79 81 82 83 84 85 86 87 88],"[0.98039216 0.94117647 0.88235294 0.70588235 0.49019608 0.21568627
 0.1372549  0.03921569 0.        ]"
cec2017_f9,50,400.0,51,51,1.0,68.0,68.0,71.0,74.0,0.22972972972972974,0.019607843137254943,0.08535178777393328,1.0,1.0,1.0,7.239432647076588e-13,7.239432647076588e-13,317331123762.16205,[68 69 70 71 72 73 74],"[0.98039216 0.82352941 0.74509804 0.47058824 0.25490196 0.07843137
 0.        ]"
cec2017_f10,50,0.01,51,0,0.0,,,,,,,,,,,7.239432647076588e-13,,,,
cec2017_f10,50,1.0,51,0,0.0,,,,,,,,,,,7.239432647076588e-13,,,,
cec2017_f10,50,10.0,51,0,0.0,,,,,,,,,,,7.239432647076588e-13,,,,
cec2017_f10,50,100.0,51,0,0.0,,,,,,,,,,,7.239432647076588e-13,,,,
cec2017_f10,50,400.0,51,0,0.0,,,,,,,,,,,7.239432647076588e-13,,,,
cec2017_f11,50,0.01,51,0,0.0,,,,,,,,,,,7.239432647076588e-13,,,,
cec2017_f11,50,1.0,51,0,0.0,,,,,,,,,,,7.239432647076588e-13,,,,
cec2017_f11,50,10.0,51,0,0.0,,,,,,,,,,,7.239432647076588e-13,,,,
cec2017_f11,50,100.0,51,51,1.0,185.0,185.0,226.0,346.0,0.04857142857142857,0.004988184307996746,0.10269791222346242,0.950196625681508,0.950196625681508,1.0,7.239432647076588e-13,6.878884473100722e-13,70609455299.56624,"[185 192 194 195 197 198 199 201 203 206 207 211 217 218 219 220 221 223
 225 226 228 232 233 235 236 238 242 245 246 248 250 252 256 263 264 269
 271 272 304 310 346]","[0.98039216 0.96078431 0.94117647 0.92156863 0.90196078 0.88235294
 0.8627451  0.84313725 0.82352941 0.78431373 0.76470588 0.74509804
 0.70588235 0.68627451 0.66666667 0.60784314 0.58823529 0.56862745
 0.52941176 0.45098039 0.43137255 0.41176471 0.39215686 0.35294118
 0.33333333 0.31372549 0.29411765 0.2745098  0.25490196 0.23529412
 0.19607843 0.17647059 0.15686275 0.1372549  0.11764706 0.09803922
 0.07843137 0.05882353 0.03921569 0.01960784 0.        ]"
cec2017_f11,50,400.0,51,51,1.0,84.0,84.0,94.0,105.0,0.11409395973154363,0.01620290376204281,0.14201368591437522,0.853781512605042,0.853781512605042,1.0,7.239432647076588e-13,6.180893755823373e-13,184591362089.09787,[ 84  85  86  88  90  91  92  93  94  95  96  97  98  99 100 105],"[0.98039216 0.96078431 0.94117647 0.92156863 0.78431373 0.68627451
 0.62745098 0.52941176 0.39215686 0.35294118 0.21568627 0.19607843
 0.11764706 0.03921569 0.01960784 0.        ]"
cec2017_f12,50,0.01,51,0,0.0,,,,,,,,,,,7.239432647076588e-13,,,,
cec2017_f12,50,1.0,51,0,0.0,,,,,,,,,,,7.239432647076588e-13,,,,
cec2017_f12,50,10.0,51,0,0.0,,,,,,,,,,,7.239432647076588e-13,,,,
cec2017_f12,50,100.0,51,0,0.0,,,,,,,,,,,7.239432647076588e-13,,,,
cec2017_f12,50,400.0,51,0,0.0,,,,,,,,,,,7.239432647076588e-13,,,,
cec2017_f13,50,0.01,51,0,0.0,,,,,,,,,,,7.239432647076588e-13,,,,
cec2017_f13,50,1.0,51,0,0.0,,,,,,,,,,,7.239432647076588e-13,,,,
cec2017_f13,50,10.0,51,0,0.0,,,,,,,,,,,7.239432647076588e-13,,,,
cec2017_f13,50,100.0,51,40,0.7843137254901961,795.0,795.0,1348.0,2465.0,0.031746031746031744,0.0002702697854969349,0.00851349824315345,0.8888438758497619,0.8888438758497619,1.0,7.239432647076588e-13,6.434725372980856e-13,49335488161.36274,"[ 795.  942.  980.  988. 1090. 1091. 1094. 1115. 1151. 1154. 1155. 1157.
 1160. 1192. 1216. 1252. 1279. 1316. 1330. 1335. 1362. 1363. 1365. 1405.
 1422. 1474. 1524. 1574. 1591. 1690. 1730. 1834. 1914. 1981. 1988. 2080.
 2226. 2328. 2379. 2465.]","[0.98039216 0.96078431 0.94117647 0.92156863 0.90196078 0.88235294
 0.8627451  0.84313725 0.82352941 0.80392157 0.78431373 0.76470588
 0.74509804 0.7254902  0.70588235 0.68627451 0.66666667 0.64705882
 0.62745098 0.60784314 0.58823529 0.56862745 0.54901961 0.52941176
 0.50980392 0.49019608 0.47058824 0.45098039 0.43137255 0.41176471
 0.39215686 0.37254902 0.35294118 0.33333333 0.31372549 0.29411765
 0.2745098  0.25490196 0.23529412 0.21568627]"
cec2017_f13,50,400.0,51,51,1.0,279.0,279.0,301.0,367.0,0.06447534766118837,0.017495688317426983,0.27135469527617145,0.9977026232836458,0.9977026232836458,1.0,7.239432647076588e-13,7.22280094307358e-13,89266405331.32515,"[279 280 281 283 285 289 291 293 294 295 297 298 300 301 302 303 304 305
 307 308 310 313 314 315 317 319 320 321 324 325 327 343 366 367]","[0.98039216 0.96078431 0.94117647 0.88235294 0.8627451  0.82352941
 0.78431373 0.7254902  0.64705882 0.60784314 0.54901961 0.52941176
 0.50980392 0.49019608 0.47058824 0.45098039 0.43137255 0.41176471
 0.33333333 0.29411765 0.2745098  0.25490196 0.21568627 0.19607843
 0.17647059 0.15686275 0.1372549  0.11764706 0.09803922 0.07843137
 0.05882353 0.03921569 0.01960784 0.        ]"
cec2017_f14,50,0.01,51,0,0.0,,,,,,,,,,,7.239432647076588e-13,,,,
cec2017_f14,50,1.0,51,0,0.0,,,,,,,,,,,7.239432647076588e-13,,,,
cec2017_f14,50,10.0,51,0,0.0,,,,,,,,,,,7.239432647076588e-13,,,,
cec2017_f14,50,100.0,51,51,1.0,370.0,370.0,440.0,925.0,0.04442508710801394,0.004751129083293004,0.10694698407098761,0.7221088212962159,0.7221088212962159,1.0,7.239432647076588e-13,5.22765817563382e-13,84980856849.2099,"[370 371 374 378 394 400 402 405 406 408 409 410 420 424 425 426 427 431
 432 434 435 439 440 442 446 452 455 458 470 476 482 487 494 502 506 508
 512 513 516 570 577 598 787 802 925]","[0.98039216 0.96078431 0.92156863 0.90196078 0.88235294 0.8627451
 0.84313725 0.82352941 0.80392157 0.78431373 0.76470588 0.74509804
 0.70588235 0.68627451 0.66666667 0.64705882 0.60784314 0.58823529
 0.56862745 0.54901961 0.52941176 0.50980392 0.49019608 0.47058824
 0.41176471 0.39215686 0.37254902 0.35294118 0.33333333 0.29411765
 0.2745098  0.25490196 0.23529412 0.21568627 0.19607843 0.17647059
 0.15686275 0.1372549  0.11764706 0.09803922 0.07843137 0.05882353
 0.03921569 0.01960784 0.        ]"
cec2017_f14,50,400.0,51,51,1.0,149.0,149.0,155.0,163.0,0.14049586776859505,0.02685872332084205,0.19117091304834635,0.920726572837724,0.920726572837724,1.0,7.239432647076588e-13,6.665538010432359e-13,210779486290.0824,[149 150 151 152 153 154 155 156 157 158 159 160 161 163],"[0.96078431 0.94117647 0.92156863 0.78431373 0.70588235 0.52941176
 0.43137255 0.31372549 0.23529412 0.1372549  0.09803922 0.03921569
 0.01960784 0.        ]"
cec2017_f15,50,0.01,51,0,0.0,,,,,,,,,,,7.239432647076588e-13,,,,
cec2017_f15,50,1.0,51,0,0.0,,,,,,,,,,,7.239432647076588e-13,,,,
cec2017_f15,50,10.0,51,0,0.0,,,,,,,,,,,7.239432647076588e-13,,,,
cec2017_f15,50,100.0,51,51,1.0,323.0,323.0,408.0,1752.0,0.04271356783919598,0.0028827237026495256,0.06748964903850066,0.9976786587663161,0.9976786587663161,1.0,7.239432647076588e-13,7.222627453564452e-13,59138544960.00112,"[ 323  325  343  350  351  352  356  362  363  366  369  374  378  380
  383  386  388  392  394  395  397  398  402  408  409  413  417  424
  425  428  443  446  449  453  455  498  507  522  531  534  549  555
  603  820 1752]","[0.98039216 0.96078431 0.94117647 0.92156863 0.90196078 0.88235294
 0.8627451  0.84313725 0.82352941 0.80392157 0.76470588 0.74509804
 0.7254902  0.70588235 0.66666667 0.64705882 0.62745098 0.60784314
 0.58823529 0.56862745 0.54901961 0.52941176 0.50980392 0.49019608
 0.47058824 0.45098039 0.43137255 0.41176471 0.39215686 0.35294118
 0.31372549 0.29411765 0.2745098  0.25490196 0.21568627 0.19607843
 0.15686275 0.1372549  0.11764706 0.09803922 0.07843137 0.05882353
 0.03921569 0.01960784 0.        ]"
cec2017_f15,50,400.0,51,51,1.0,209.0,209.0,218.0,234.0,0.09586466165413533,0.04271173276363727,0.4455419966716672,1.0,1.0,1.0,7.239432647076588e-13,7.239432647076588e-13,132420130592.48116,"[209 210 211 212 213 214 215 216 217 218 219 220 221 222 223 225 226 227
 229 230 232 234]","[0.92156863 0.88235294 0.8627451  0.82352941 0.80392157 0.74509804
 0.68627451 0.64705882 0.52941176 0.49019608 0.47058824 0.37254902
 0.31372549 0.25490196 0.17647059 0.15686275 0.09803922 0.07843137
 0.05882353 0.03921569 0.01960784 0.        ]"
cec2017_f16,50,0.01,51,0,0.0,,,,,,,,,,,7.239432647076588e-13,,,,
cec2017_f16,50,1.0,51,0,0.0,,,,,,,,,,,7.239432647076588e-13,,,,
cec2017_f16,50,10.0,51,0,0.0,,,,,,,,,,,7.239432647076588e-13,,,,
cec2017_f16,50,100.0,51,0,0.0,,,,,,,,,,,7.239432647076588e-13,,,,
cec2017_f16,50,400.0,51,38,0.7450980392156863,1191.0,1191.0,2379.0,2986.0,0.031173092698933553,0.0002061918045663802,0.00661441604648467,0.09019231642375772,0.7576446542645074,0.17162771691541323,7.239432647076588e-13,6.529412000336136e-14,477425726808.61237,"[1191. 1384. 1423. 1526. 1633. 1786. 1809. 1854. 1875. 1909. 1923. 1936.
 1986. 2104. 2120. 2234. 2301. 2312. 2359. 2400. 2464. 2465. 2490. 2493.
 2521. 2583. 2586. 2595. 2634. 2671. 2678. 2773. 2832. 2852. 2896. 2967.
 2986.]","[0.98039216 0.96078431 0.94117647 0.92156863 0.90196078 0.88235294
 0.8627451  0.84313725 0.82352941 0.80392157 0.78431373 0.76470588
 0.74509804 0.7254902  0.70588235 0.68627451 0.66666667 0.64705882
 0.62745098 0.60784314 0.58823529 0.56862745 0.54901961 0.52941176
 0.50980392 0.49019608 0.47058824 0.45098039 0.43137255 0.41176471
 0.39215686 0.37254902 0.35294118 0.33333333 0.29411765 0.2745098
 0.25490196]"
cec2017_f17,50,0.01,51,0,0.0,,,,,,,,,,,7.239432647076588e-13,,,,
cec2017_f17,50,1.0,51,0,0.0,,,,,,,,,,,7.239432647076588e-13,,,,
cec2017_f17,50,10.0,51,0,0.0,,,,,,,,,,,7.239432647076588e-13,,,,
cec2017_f17,50,100.0,51,6,0.11764705882352941,2533.0,2533.0,2687.0,3005.0,0.020618556701030927,0.0002645805166157089,0.012832155055861882,0.10545945139551025,0.49520586290185276,0.16358895526454048,7.239432647076588e-13,7.634665953754435e-14,270064948825.8424,[2533. 2585. 2681. 2693. 2854. 3005.],[0.98039216 0.96078431 0.94117647 0.92156863 0.90196078 0.88235294]
cec2017_f17,50,400.0,51,50,0.9803921568627451,607.0,607.0,1398.0,2233.0,0.03875968992248062,0.0003505355871268323,0.009043818147872274,0.10547677780689316,0.4902727520389527,0.16370076633194094,7.239432647076588e-13,7.635920287636656e-14,507596837872.13654,"[ 607.  695.  739.  778.  784.  963.  986. 1065. 1114. 1182. 1188. 1194.
 1222. 1255. 1265. 1266. 1276. 1295. 1305. 1327. 1342. 1364. 1387. 1397.
 1400. 1411. 1471. 1484. 1488. 1493. 1557. 1568. 1569. 1574. 1595. 1600.
 1623. 1626. 1649. 1699. 1717. 1736. 1744. 1754. 1793. 1824. 1853. 2033.
 2233.]","[0.98039216 0.96078431 0.94117647 0.92156863 0.90196078 0.88235294
 0.8627451  0.84313725 0.82352941 0.80392157 0.78431373 0.76470588
 0.74509804 0.7254902  0.70588235 0.66666667 0.64705882 0.62745098
 0.60784314 0.58823529 0.56862745 0.54901961 0.52941176 0.50980392
 0.49019608 0.47058824 0.45098039 0.43137255 0.41176471 0.39215686
 0.37254902 0.35294118 0.33333333 0.31372549 0.29411765 0.2745098
 0.25490196 0.23529412 0.21568627 0.19607843 0.17647059 0.15686275
 0.1372549  0.11764706 0.09803922 0.07843137 0.05882353 0.03921569
 0.01960784]"
cec2017_f18,50,0.01,51,0,0.0,,,,,,,,,,,7.239432647076588e-13,,,,
cec2017_f18,50,1.0,51,0,0.0,,,,,,,,,,,7.239432647076588e-13,,,,
cec2017_f18,50,10.0,51,0,0.0,,,,,,,,,,,7.239432647076588e-13,,,,
cec2017_f18,50,100.0,51,51,1.0,222.0,222.0,300.0,430.0,0.04757462686567164,0.0015374835751776894,0.03231730181549967,0.9910168718650251,0.9910168718650251,1.0,7.239432647076588e-13,7.174399895983378e-13,66311646347.3224,"[222 247 250 258 265 272 273 274 278 281 283 287 288 291 292 293 294 297
 298 299 300 306 307 308 318 319 321 324 330 339 341 345 350 354 356 361
 366 381 385 428 430]","[0.98039216 0.96078431 0.94117647 0.90196078 0.88235294 0.8627451
 0.84313725 0.80392157 0.78431373 0.74509804 0.7254902  0.70588235
 0.66666667 0.64705882 0.62745098 0.60784314 0.58823529 0.54901961
 0.52941176 0.50980392 0.49019608 0.47058824 0.45098039 0.43137255
 0.41176471 0.37254902 0.35294118 0.33333333 0.29411765 0.2745098
 0.25490196 0.23529412 0.21568627 0.15686275 0.11764706 0.09803922
 0.07843137 0.05882353 0.03921569 0.01960784 0.        ]"
cec2017_f18,50,400.0,51,51,1.0,171.0,171.0,190.0,206.0,0.06891891891891892,0.007969143583783311,0.11563071082352255,0.981248810203693,0.981248810203693,1.0,7.239432647076588e-13,7.103684671493674e-13,97018550380.59778,"[171 175 176 177 178 179 180 181 182 183 185 186 187 188 189 190 191 192
 193 194 196 198 199 201 202 206]","[0.98039216 0.96078431 0.94117647 0.92156863 0.88235294 0.84313725
 0.82352941 0.74509804 0.7254902  0.68627451 0.64705882 0.60784314
 0.56862745 0.52941176 0.50980392 0.45098039 0.43137255 0.37254902
 0.29411765 0.23529412 0.15686275 0.07843137 0.05882353 0.03921569
 0.01960784 0.        ]"
cec2017_f19,50,0.01,51,0,0.0,,,,,,,,,,,7.239432647076588e-13,,,,
cec2017_f19,50,1.0,51,0,0.0,,,,,,,,,,,7.239432647076588e-13,,,,
cec2017_f19,50,10.0,51,0,0.0,,,,,,,,,,,7.239432647076588e-13,,,,
cec2017_f19,50,100.0,51,51,1.0,211.0,211.0,243.0,453.0,0.055314533622559656,0.007397776293551206,0.1337401910324355,0.999913431156127,0.999913431156127,1.0,7.239432647076588e-13,7.238805937762034e-13,76413892150.3687,"[211 213 217 221 223 225 226 227 229 230 231 235 236 238 240 242 243 244
 245 246 247 248 250 256 257 264 265 267 268 273 274 275 281 284 312 319
 453]","[0.98039216 0.96078431 0.94117647 0.92156863 0.88235294 0.8627451
 0.82352941 0.80392157 0.78431373 0.7254902  0.66666667 0.62745098
 0.60784314 0.56862745 0.54901961 0.50980392 0.47058824 0.45098039
 0.43137255 0.41176471 0.39215686 0.37254902 0.33333333 0.29411765
 0.2745098  0.25490196 0.23529412 0.21568627 0.17647059 0.1372549
 0.11764706 0.09803922 0.07843137 0.05882353 0.03921569 0.01960784
 0.        ]"
cec2017_f19,50,400.0,51,51,1.0,166.0,166.0,172.0,179.0,0.13709677419354838,0.02685872332084205,0.19591068775202436,0.9997809179537738,0.9997809179537738,1.0,7.239432647076588e-13,7.23784661735875e-13,189416523230.46606,[166 167 168 169 170 171 172 173 174 175 176 177 178 179],"[0.96078431 0.94117647 0.92156863 0.82352941 0.74509804 0.64705882
 0.43137255 0.31372549 0.19607843 0.11764706 0.09803922 0.07843137
 0.01960784 0.        ]"
cec2017_f20,50,0.01,51,0,0.0,,,,,,,,,,,7.239432647076588e-13,,,,
cec2017_f20,50,1.0,51,0,0.0,,,,,,,,,,,7.239432647076588e-13,,,,
cec2017_f20,50,10.0,51,0,0.0,,,,,,,,,,,7.239432647076588e-13,,,,
cec2017_f20,50,100.0,51,1,0.0196078431372549,2820.0,2820.0,2820.0,2820.0,0.0196078431372549,0.019607843137254943,1.0000000000000022,0.07590823295907845,0.4210726910678264,0.14915711570767903,7.239432647076588e-13,5.495325398658476e-14,356809501072.3403,[2820.],[0.98039216]
cec2017_f20,50,400.0,51,51,1.0,962.0,962.0,1539.0,2197.0,0.04063745019920319,0.00024641118787438465,0.0060636478584775045,0.10444724088998368,0.5256714800125452,0.20523530304247325,7.239432647076588e-13,7.561387655960206e-14,537433762798.4332,"[ 962 1053 1207 1320 1334 1365 1372 1387 1391 1392 1402 1437 1451 1465
 1473 1474 1493 1497 1504 1512 1515 1517 1522 1531 1539 1556 1574 1592
 1600 1604 1614 1619 1621 1656 1664 1732 1741 1751 1773 1776 1839 1869
 1889 1903 2014 2040 2048 2157 2197]","[0.98039216 0.96078431 0.94117647 0.90196078 0.88235294 0.8627451
 0.84313725 0.82352941 0.80392157 0.78431373 0.76470588 0.74509804
 0.7254902  0.70588235 0.68627451 0.66666667 0.64705882 0.62745098
 0.60784314 0.58823529 0.56862745 0.54901961 0.52941176 0.50980392
 0.49019608 0.45098039 0.43137255 0.41176471 0.39215686 0.37254902
 0.35294118 0.33333333 0.31372549 0.29411765 0.2745098  0.25490196
 0.23529412 0.21568627 0.19607843 0.17647059 0.15686275 0.1372549
 0.11764706 0.09803922 0.07843137 0.05882353 0.03921569 0.01960784
 0.        ]"
cec2017_f21,50,0.01,51,0,0.0,,,,,,,,,,,7.239432647076588e-13,,,,
cec2017_f21,50,1.0,51,0,0.0,,,,,,,,,,,7.239432647076588e-13,,,,
cec2017_f21,50,10.0,51,0,0.0,,,,,,,,,,,7.239432647076588e-13,,,,
cec2017_f21,50,100.0,51,0,0.0,,,,,,,,,,,7.239432647076588e-13,,,,
cec2017_f21,50,400.0,51,51,1.0,373.0,373.0,485.0,574.0,0.04149715215622457,0.0012493855738301418,0.03010774255367146,0.34597012711788805,0.4700344012409519,0.7312835118464404,7.239432647076588e-13,2.504627433170476e-13,165681935790.72763,"[373 404 417 420 421 422 428 437 438 444 445 449 450 459 461 465 467 469
 474 477 479 481 482 484 485 486 488 490 492 494 495 498 502 504 505 513
 519 529 532 543 545 560 565 571 572 574]","[0.98039216 0.96078431 0.94117647 0.92156863 0.90196078 0.88235294
 0.8627451  0.84313725 0.82352941 0.80392157 0.78431373 0.76470588
 0.7254902  0.70588235 0.68627451 0.66666667 0.64705882 0.62745098
 0.60784314 0.58823529 0.56862745 0.54901961 0.52941176 0.50980392
 0.49019608 0.47058824 0.43137255 0.41176471 0.39215686 0.37254902
 0.35294118 0.33333333 0.31372549 0.29411765 0.25490196 0.21568627
 0.17647059 0.15686275 0.1372549  0.11764706 0.09803922 0.07843137
 0.05882353 0.03921569 0.01960784 0.        ]"
cec2017_f22,50,0.01,51,0,0.0,,,,,,,,,,,7.239432647076588e-13,,,,
cec2017_f22,50,1.0,51,0,0.0,,,,,,,,,,,7.239432647076588e-13,,,,
cec2017_f22,50,10.0,51,0,0.0,,,,,,,,,,,7.239432647076588e-13,,,,
cec2017_f22,50,100.0,51,0,0.0,,,,,,,,,,,7.239432647076588e-13,,,,
cec2017_f22,50,400.0,51,12,0.23529411764705882,242.0,242.0,1509.0,2241.0,0.02197802197802198,8.351188182387226e-05,0.0037997906229861873,0.06410580672891056,0.4419137555093163,0.1694719475616909,7.239432647076588e-13,4.640896701004571e-14,473572746690.6256,[ 242.  267.  281. 1219. 1339. 1377. 1641. 1754. 1772. 2061. 2210. 2241.],"[0.98039216 0.96078431 0.94117647 0.92156863 0.90196078 0.88235294
 0.8627451  0.84313725 0.82352941 0.80392157 0.78431373 0.76470588]"
cec2017_f23,50,0.01,51,0,0.0,,,,,,,,,,,7.239432647076588e-13,,,,
cec2017_f23,50,1.0,51,0,0.0,,,,,,,,,,,7.239432647076588e-13,,,,
cec2017_f23,50,10.0,51,0,0.0,,,,,,,,,,,7.239432647076588e-13,,,,
cec2017_f23,50,100.0,51,0,0.0,,,,,,,,,,,7.239432647076588e-13,,,,
cec2017_f23,50,400.0,51,0,0.0,,,,,,,,,,,7.239432647076588e-13,,,,
cec2017_f24,50,0.01,51,0,0.0,,,,,,,,,,,7.239432647076588e-13,,,,
cec2017_f24,50,1.0,51,0,0.0,,,,,,,,,,,7.239432647076588e-13,,,,
cec2017_f24,50,10.0,51,0,0.0,,,,,,,,,,,7.239432647076588e-13,,,,
cec2017_f24,50,100.0,51,0,0.0,,,,,,,,,,,7.239432647076588e-13,,,,
cec2017_f24,50,400.0,51,0,0.0,,,,,,,,,,,7.239432647076588e-13,,,,
cec2017_f25,50,0.01,51,0,0.0,,,,,,,,,,,7.239432647076588e-13,,,,
cec2017_f25,50,1.0,51,0,0.0,,,,,,,,,,,7.239432647076588e-13,,,,
cec2017_f25,50,10.0,51,0,0.0,,,,,,,,,,,7.239432647076588e-13,,,,
cec2017_f25,50,100.0,51,0,0.0,,,,,,,,,,,7.239432647076588e-13,,,,
cec2017_f25,50,400.0,51,0,0.0,,,,,,,,,,,7.239432647076588e-13,,,,
cec2017_f26,50,0.01,51,0,0.0,,,,,,,,,,,7.239432647076588e-13,,,,
cec2017_f26,50,1.0,51,0,0.0,,,,,,,,,,,7.239432647076588e-13,,,,
cec2017_f26,50,10.0,51,0,0.0,,,,,,,,,,,7.239432647076588e-13,,,,
cec2017_f26,50,100.0,51,0,0.0,,,,,,,,,,,7.239432647076588e-13,,,,
cec2017_f26,50,400.0,51,0,0.0,,,,,,,,,,,7.239432647076588e-13,,,,
cec2017_f27,50,0.01,51,0,0.0,,,,,,,,,,,7.239432647076588e-13,,,,
cec2017_f27,50,1.0,51,0,0.0,,,,,,,,,,,7.239432647076588e-13,,,,
cec2017_f27,50,10.0,51,0,0.0,,,,,,,,,,,7.239432647076588e-13,,,,
cec2017_f27,50,100.0,51,0,0.0,,,,,,,,,,,7.239432647076588e-13,,,,
cec2017_f27,50,400.0,51,0,0.0,,,,,,,,,,,7.239432647076588e-13,,,,
cec2017_f28,50,0.01,51,0,0.0,,,,,,,,,,,7.239432647076588e-13,,,,
cec2017_f28,50,1.0,51,0,0.0,,,,,,,,,,,7.239432647076588e-13,,,,
cec2017_f28,50,10.0,51,0,0.0,,,,,,,,,,,7.239432647076588e-13,,,,
cec2017_f28,50,100.0,51,0,0.0,,,,,,,,,,,7.239432647076588e-13,,,,
cec2017_f28,50,400.0,51,0,0.0,,,,,,,,,,,7.239432647076588e-13,,,,
cec2017_f29,50,0.01,51,0,0.0,,,,,,,,,,,7.239432647076588e-13,,,,
cec2017_f29,50,1.0,51,0,0.0,,,,,,,,,,,7.239432647076588e-13,,,,
cec2017_f29,50,10.0,51,0,0.0,,,,,,,,,,,7.239432647076588e-13,,,,
cec2017_f29,50,100.0,51,0,0.0,,,,,,,,,,,7.239432647076588e-13,,,,
cec2017_f29,50,400.0,51,51,1.0,1111.0,1111.0,1537.0,1909.0,0.04006284367635507,0.0004523202232190604,0.011290267532507134,0.14433180291498476,0.56638670646645,0.2629751743547079,7.239432647076588e-13,1.0448803660341646e-13,383420389344.79443,"[1111 1170 1244 1271 1309 1326 1344 1379 1393 1396 1406 1411 1420 1427
 1449 1457 1460 1473 1486 1487 1493 1515 1516 1530 1537 1541 1554 1586
 1601 1609 1610 1611 1625 1630 1639 1659 1675 1688 1693 1701 1714 1724
 1777 1783 1802 1805 1825 1846 1909]","[0.98039216 0.96078431 0.94117647 0.92156863 0.90196078 0.88235294
 0.8627451  0.84313725 0.82352941 0.80392157 0.78431373 0.76470588
 0.74509804 0.7254902  0.70588235 0.68627451 0.66666667 0.64705882
 0.62745098 0.58823529 0.56862745 0.54901961 0.52941176 0.50980392
 0.49019608 0.47058824 0.45098039 0.41176471 0.39215686 0.37254902
 0.35294118 0.33333333 0.31372549 0.29411765 0.2745098  0.25490196
 0.23529412 0.21568627 0.19607843 0.17647059 0.15686275 0.1372549
 0.11764706 0.09803922 0.07843137 0.05882353 0.03921569 0.01960784
 0.        ]"
cec2017_f30,50,0.01,51,0,0.0,,,,,,,,,,,7.239432647076588e-13,,,,
cec2017_f30,50,1.0,51,0,0.0,,,,,,,,,,,7.239432647076588e-13,,,,
cec2017_f30,50,10.0,51,0,0.0,,,,,,,,,,,7.239432647076588e-13,,,,
cec2017_f30,50,100.0,51,0,0.0,,,,,,,,,,,7.239432647076588e-13,,,,
cec2017_f30,50,400.0,51,0,0.0,,,,,,,,,,,7.239432647076588e-13,,,,
