function,eps,f_star,n_hits,hit_rate,tau_first,tau_median,tau_max,p_hat,clustering,l2_rate,l3_rate,gamma,N_tau_median,N_tau_min,N_tau_max,F_minus,F_plus,Delta_F,F_mean,n_success_F,g2g3_r0.5,beta1_r0.5,g2g3_r1.0,beta1_r1.0,g2g3_r2.0,beta1_r2.0,g2g3_r5.0,beta1_r5.0,g2g3_r10.0,beta1_r10.0,g2g3_r20.0,beta1_r20.0
cec2017_f1,0.01,100.0,51,1.0,225.0,242.0,262.0,0.004138602613000081,1.475636075104724,0.9582893775866266,1.0,0.9582893775866266,117.0,113.0,121.0,0.1430353289943056,0.7900107608839115,0.6469754318896059,0.49373654936793004,538466.0,1.0,1.0,1.0,1.0,1.0,1.0,1.0,1.0,1.0,1.0,1.0,1.0
cec2017_f1,1.0,100.0,51,1.0,192.0,204.0,223.0,0.004881784244280655,1.6413618365430391,0.9507992725184263,1.0,0.9507992725184263,125.0,121.0,128.0,0.14424477945634492,0.799692142733663,0.655447363277318,0.4984195104827715,471908.0,1.0,0.5196850393700787,1.0,0.8346456692913385,1.0,1.0,1.0,1.0,1.0,1.0,1.0,1.0
cec2017_f1,10.0,100.0,51,1.0,171.0,186.0,209.0,0.005359957961114031,2.2416357304259846,0.9459800315291644,1.0,0.9459800315291644,129.0,124.0,133.0,0.1452119430492846,0.8052597581821117,0.6600478151328271,0.5011918002451489,437226.0,1.0,0.19083969465648856,1.0,0.35877862595419846,1.0,0.6564885496183206,1.0,0.9769230769230769,1.0,1.0,1.0,1.0
cec2017_f1,100.0,100.0,51,1.0,152.0,169.0,189.0,0.005930922200255844,2.2255899325448842,0.940225607628794,1.0,0.940225607628794,133.0,129.0,137.0,0.14684677941343532,0.8124330491528887,0.6655862697394535,0.5045198492075241,401846.0,0.9803921568627451,0.07575757575757576,1.0,0.13533834586466165,1.0,0.25735294117647056,1.0,0.582089552238806,1.0,0.8939393939393939,1.0,1.0
cec2017_f1,400.0,100.0,51,1.0,146.0,158.0,176.0,0.006322836598065956,2.081665999466133,0.936275725266551,1.0,0.936275725266551,136.0,132.0,139.0,0.14737954554281002,0.8161436561631956,0.6687641106203857,0.5061063363250323,380889.0,0.7843137254901961,0.051470588235294115,0.9411764705882353,0.08148148148148149,0.9803921568627451,0.17037037037037037,1.0,0.36231884057971014,1.0,0.6764705882352942,1.0,0.9555555555555556
cec2017_f10,0.01,1000.0,0,0.0,,,,,,0.32352035083904174,0.039931499401978904,0.01522235511579863,,,,0.003980041859170648,1.0,0.9960199581408293,0.39332205095299966,211881.0,0.0,,0.0,,0.0,,0.0,,0.0,,0.0,
cec2017_f10,1.0,1000.0,2,0.0392156862745098,1378.0,1393.5,1409.0,2.7844294704015148e-05,0.0,0.3270999696755281,0.04049695376896428,0.015437912941198092,15.5,15.0,16.0,0.004001284389137882,1.0,0.9959987156108621,0.39363597259875976,211681.0,0.0,0.06458333333333333,0.0,0.06458333333333333,0.0,0.06458333333333333,0.0,0.06458333333333333,0.0,0.06458333333333333,0.0,0.06458333333333333
cec2017_f10,10.0,1000.0,17,0.3333333333333333,653.0,869.0,1105.0,0.00032327381291954283,0.7618333197283512,0.34891018477757835,0.0497443364599912,0.018963123497341777,39.0,26.0,57.0,0.004601183919165928,1.0,0.995398816080834,0.40476131179085334,204428.0,0.0,0.02564102564102564,0.0,0.02564102564102564,0.0,0.02564102564102564,0.0,0.02564102564102564,0.0,0.02564102564102564,0.0,0.02564102564102564
cec2017_f10,100.0,1000.0,42,0.8235294117647058,354.0,510.5,1799.0,0.00107958050586058,4.361736511227394,0.46275095404015265,0.10445850814193273,0.039820806371329016,73.0,8.0,96.0,0.01051140088114387,1.0,0.9894885991188561,0.4941744148641645,158408.0,0.0,0.0136986301369863,0.0,0.0136986301369863,0.0,0.0136986301369863,0.0,0.0136986301369863,0.0,0.0136986301369863,0.0,0.0136986301369863
cec2017_f10,400.0,1000.0,51,1.0,140.0,298.0,515.0,0.003347994485656141,1.9496324439921149,0.5334471213812119,0.27952471607693824,0.10851440950567846,106.0,73.0,140.0,0.06840665443213173,1.0,0.9315933455678682,0.6514733866654127,100381.0,0.0,0.009433962264150943,0.0,0.009433962264150943,0.0,0.009433962264150943,0.0,0.009433962264150943,0.0,0.009433962264150943,0.0,0.009433962264150943
cec2017_f11,0.01,1100.0,34,0.6666666666666666,426.0,546.5,755.0,0.0010564912062643714,1.2007271688674372,0.7402511801906119,0.4040794513227042,0.30114901576556513,69.0,48.0,85.0,0.03112341868988726,1.0,0.9688765813101128,0.46561625306872556,395980.0,0.8235294117647058,0.11442262739597943,1.0,0.22984220565285243,1.0,0.48333333333333334,1.0,0.9340277777777778,1.0,1.0,1.0,1.0
cec2017_f11,1.0,1100.0,37,0.7254901960784313,375.0,485.0,2077.0,0.0007484121525951697,4.659899809241056,0.7410968098547063,0.405085281111813,0.29692435249526217,76.0,5.0,93.0,0.029227923963459534,1.0,0.9707720760365405,0.46083704829627803,349083.0,0.0,0.013157894736842105,0.0,0.014925373134328358,0.43243243243243246,0.05172413793103448,0.8918918918918919,0.24242424242424243,0.972972972972973,0.5543478260869565,1.0,0.925
cec2017_f11,10.0,1100.0,51,1.0,71.0,111.0,147.0,0.009123434704830053,0.9510163683996132,0.7871198568872988,1.0,0.7871198568872988,148.0,139.0,159.0,0.1522259951093476,1.0,0.8477740048906524,0.5735220218147338,151699.0,0.0,0.006756756756756757,0.0,0.006756756756756757,0.0,0.006756756756756757,0.0,0.006756756756756757,0.0196078431372549,0.0070921985815602835,0.8235294117647058,0.0784313725490196
cec2017_f11,100.0,1100.0,51,1.0,17.0,34.0,45.0,0.03032104637336504,1.193092363463576,0.5392390011890607,1.0,0.5392390011890607,169.0,166.0,174.0,0.21056149697036275,1.0,0.7894385030296373,0.6311956861217193,72928.0,0.0,0.005917159763313609,0.0,0.005917159763313609,0.0,0.005917159763313609,0.0,0.005917159763313609,0.0,0.005917159763313609,0.0,0.005917159763313609
cec2017_f11,400.0,1100.0,51,1.0,4.0,10.0,20.0,0.09357798165137615,1.815729880791744,0.9009174311926605,1.0,0.9009174311926605,177.0,173.0,178.0,0.22382617705673646,1.0,0.7761738229432635,0.5944722217883639,36368.0,0.0,0.005649717514124294,0.0,0.005649717514124294,0.0,0.005649717514124294,0.0,0.005649717514124294,0.0,0.005649717514124294,0.0,0.005649717514124294
cec2017_f12,0.01,1200.0,4,0.0784313725490196,541.0,588.0,631.0,0.00012498047180128105,0.5682983045575298,0.7810505881448451,1.0,0.7810505881448451,64.0,59.0,69.0,0.10892808670015088,0.8805998384541399,0.771671751753989,0.5097065369261286,534778.0,1.0,1.0,1.0,1.0,1.0,1.0,1.0,1.0,1.0,1.0,1.0,1.0
cec2017_f12,1.0,1200.0,25,0.49019607843137253,380.0,515.0,603.0,0.0008846426043878273,0.6325095814044884,0.8188130029340848,1.0,0.8188130029340848,73.0,62.0,92.0,0.1036604390488311,0.8969892494666791,0.793328810417848,0.5154860487367832,452223.0,0.8,0.15217391304347827,1.0,0.5671641791044776,1.0,0.6883116883116883,1.0,0.6883116883116883,1.0,0.6883116883116883,1.0,0.96875
cec2017_f12,10.0,1200.0,25,0.49019607843137253,291.0,385.0,517.0,0.0010775397612171889,0.9057296234716248,0.8174726989079563,1.0,0.8174726989079563,91.0,72.0,108.0,0.10741997641197028,0.8861169816973514,0.7786970052853811,0.5158130709572251,438977.0,0.0,0.01098901098901099,0.0,0.030303030303030304,0.8,0.09411764705882353,0.96,0.33695652173913043,1.0,0.35294117647058826,1.0,0.6823529411764706
cec2017_f12,100.0,1200.0,30,0.5882352941176471,167.0,223.5,339.0,0.00212781048301298,1.2639968114780658,0.8775370059514727,1.0,0.8775370059514727,121.5,99.0,134.0,0.1221188586515785,0.8776571842099737,0.7555383255583953,0.522463903851362,395068.0,0.0,0.008230592060696384,0.0,0.008230592060696384,0.0,0.008230592060696384,0.03333333333333333,0.016461184121392768,0.8,0.07630732099758648,0.9666666666666667,0.2918521054433413
cec2017_f12,400.0,1200.0,51,1.0,149.0,170.0,193.0,0.005910302468420442,1.3568010505999362,0.9120407926758605,1.0,0.9120407926758605,133.0,128.0,138.0,0.15855573843014778,0.8882958387805747,0.7297401003504269,0.5496996319955056,261264.0,0.0,0.007518796992481203,0.0,0.007518796992481203,0.0,0.007518796992481203,0.0,0.007518796992481203,0.0392156862745098,0.014814814814814815,0.7058823529411765,0.06060606060606061
cec2017_f13,0.01,1300.0,17,0.3333333333333333,599.0,719.0,767.0,0.00044831223628691985,1.117780437552905,0.719590718583905,0.8901402514692454,0.6479430564986303,51.0,47.0,63.0,0.03755811176724684,1.0,0.9624418882327531,0.557825327437117,419587.0,0.47058823529411764,0.06,0.8235294117647058,0.14583333333333334,0.9411764705882353,0.3541666666666667,1.0,0.7551020408163265,1.0,1.0,1.0,1.0
cec2017_f13,1.0,1300.0,18,0.35294117647058826,491.0,632.5,995.0,0.00040783958309731507,2.3646781778621904,0.7194602959667279,0.9006794660992359,0.6553220814392108,59.0,31.0,76.0,0.035711195122382876,1.0,0.9642888048776171,0.5571472653309296,401852.0,0.0,0.01695402298850575,0.1111111111111111,0.017105263157894735,0.3333333333333333,0.047089947089947085,0.8333333333333334,0.15833333333333333,1.0,0.5960591133004927,1.0,0.9535714285714285
cec2017_f13,10.0,1300.0,51,1.0,179.0,299.0,504.0,0.003215839586354751,0.870421240604039,0.579292515291002,1.0,0.579292515291002,106.0,74.0,131.0,0.08525199917602734,1.0,0.9147480008239727,0.5968755611068195,260884.0,0.0,0.009433962264150943,0.0,0.009433962264150943,0.0,0.009433962264150943,0.0196078431372549,0.009708737864077669,0.5686274509803921,0.07086614173228346,1.0,0.5765765765765766
cec2017_f13,100.0,1300.0,51,1.0,98.0,112.0,125.0,0.00890518596123625,1.294178163678233,0.250043652872359,1.0,0.250043652872359,148.0,144.0,151.0,0.21807636286738308,1.0,0.7819236371326169,0.6539799748740797,179304.0,0.0,0.006756756756756757,0.0,0.006756756756756757,0.0,0.006756756756756757,0.0,0.006756756756756757,0.0,0.006756756756756757,0.0,0.006756756756756757
cec2017_f13,400.0,1300.0,51,1.0,80.0,93.0,108.0,0.01077996195307546,2.1476137683389864,0.22849291904459945,1.0,0.22849291904459945,153.0,149.0,156.0,0.22316119274877225,1.0,0.7768388072512278,0.65764320481099,150300.0,0.0,0.006535947712418301,0.0,0.006535947712418301,0.0,0.006535947712418301,0.0,0.006535947712418301,0.0,0.006535947712418301,0.0,0.006535947712418301
cec2017_f14,0.01,1400.0,14,0.27450980392156865,631.0,808.0,1938.0,0.00016389220575495773,1.1933346828037392,0.6787298473087093,0.4140684978247889,0.28053825812505334,43.0,6.0,59.0,0.030579460507304576,1.0,0.9694205394926955,0.567776973893965,394898.0,1.0,1.0,1.0,1.0,1.0,1.0,1.0,1.0,1.0,1.0,1.0,1.0
cec2017_f14,1.0,1400.0,50,0.9803921568627451,535.0,654.0,855.0,0.0014629721742692454,1.644878414959598,0.5475680550076086,0.7520430592346278,0.4013413740630108,57.0,40.0,70.0,0.026563350299506898,1.0,0.9734366497004932,0.5901487517381347,274764.0,0.16,0.017857142857142856,0.32,0.03508771929824561,0.58,0.09147869674185463,0.76,0.1296641791044776,0.76,0.1296641791044776,1.0,0.4913793103448276
cec2017_f14,10.0,1400.0,50,0.9803921568627451,238.0,368.0,578.0,0.0025329280648429585,1.0580062205061735,0.5844977961174154,0.8613429616430648,0.4893088249085623,93.5,65.0,118.0,0.030492509351976182,1.0,0.9695074906480238,0.591954891936181,216055.0,0.0,0.010695493022191718,0.0,0.010695493022191718,0.0,0.010695493022191718,0.1,0.012049941927990708,0.26,0.023809523809523808,0.52,0.0577403534745998
cec2017_f14,100.0,1400.0,51,1.0,35.0,61.0,69.0,0.016536964980544747,2.812478373619275,0.25453955901426717,1.0,0.25453955901426717,161.0,159.0,169.0,0.2666017559684027,1.0,0.7333982440315974,0.6932583715391846,104778.0,0.0,0.006211180124223602,0.0,0.006211180124223602,0.0,0.006211180124223602,0.0,0.006211180124223602,0.0,0.006211180124223602,0.0,0.006211180124223602
cec2017_f14,400.0,1400.0,51,1.0,8.0,29.0,37.0,0.038202247191011236,1.1989888724630147,0.48389513108614235,1.0,0.48389513108614235,171.0,168.0,177.0,0.2541351492809953,1.0,0.7458648507190047,0.6538334487474968,58643.0,0.0,0.005847953216374269,0.0,0.005847953216374269,0.0,0.005847953216374269,0.0,0.005847953216374269,0.0,0.005847953216374269,0.0,0.005847953216374269
cec2017_f15,0.01,1500.0,21,0.4117647058823529,542.0,629.0,962.0,0.0004897273850889671,1.1389815238030097,0.7785941399272874,0.8901078020293637,0.7187139762607517,59.0,33.0,69.0,0.084462974346992,1.0,0.915537025653008,0.5562631034075338,448159.0,0.8571428571428571,0.2033898305084746,0.9523809523809523,0.3939393939393939,1.0,0.6875,1.0,0.9696969696969697,1.0,1.0,1.0,1.0
cec2017_f15,1.0,1500.0,51,1.0,223.0,362.0,558.0,0.0027567567567567566,2.5583413121684493,0.6966486486486486,0.9787027027027027,0.6778378378378378,95.0,67.0,121.0,0.08495174746504001,1.0,0.91504825253496,0.6018568780687429,243561.0,0.0,0.010526315789473684,0.0,0.010526315789473684,0.0,0.010638297872340425,0.43137254901960786,0.0425531914893617,0.8627450980392157,0.1509433962264151,1.0,0.5869565217391305
cec2017_f15,10.0,1500.0,51,1.0,100.0,118.0,141.0,0.008464730290456432,1.23622691682675,0.44016597510373445,1.0,0.44016597510373445,146.0,140.0,151.0,0.21960908867897203,1.0,0.780390911321028,0.6490678096903664,182839.0,0.0,0.00684931506849315,0.0,0.00684931506849315,0.0,0.00684931506849315,0.0,0.00684931506849315,0.0,0.00684931506849315,0.1568627450980392,0.020689655172413793
cec2017_f15,100.0,1500.0,51,1.0,49.0,70.0,82.0,0.014431239388794566,1.4409082942992415,0.27306168647425016,1.0,0.27306168647425016,159.0,156.0,165.0,0.25295610744908437,1.0,0.7470438925509156,0.6862064601673162,119440.0,0.0,0.006289308176100629,0.0,0.006289308176100629,0.0,0.006289308176100629,0.0,0.006289308176100629,0.0,0.006289308176100629,0.0,0.006289308176100629
cec2017_f15,400.0,1500.0,51,1.0,31.0,50.0,61.0,0.020015698587127158,2.0,0.36381475667189955,1.0,0.36381475667189955,165.0,161.0,170.0,0.25291648315636023,1.0,0.7470835168436398,0.6738969916534573,91522.0,0.0,0.006060606060606061,0.0,0.006060606060606061,0.0,0.006060606060606061,0.0,0.006060606060606061,0.0,0.006060606060606061,0.0,0.006060606060606061
cec2017_f16,0.01,1600.0,0,0.0,,,,,,0.6449657497009894,0.2142093436265449,0.1580044217317241,,,,0.023592734979863094,1.0,0.9764072650201369,0.5119008545046405,323786.0,0.0,,0.0,,0.0,,0.0,,0.0,,0.0,
cec2017_f16,1.0,1600.0,51,1.0,553.0,696.0,893.0,0.0014195451888551786,1.2874158016611346,0.7616834135886659,0.6109889498149025,0.44921646672419074,53.0,37.0,68.0,0.06476666010548998,1.0,0.9352333398945101,0.575463957021449,237001.0,0.0,0.018867924528301886,0.0,0.018867924528301886,0.0,0.018867924528301886,0.0,0.018867924528301886,0.0196078431372549,0.018867924528301886,0.43137254901960786,0.05660377358490566
cec2017_f16,10.0,1600.0,51,1.0,67.0,232.0,317.0,0.0043840797730594,2.002798042739207,0.6564944554285224,0.9441244734806155,0.6219375913349953,119.0,103.0,160.0,0.10894105043160004,1.0,0.8910589495683999,0.6193762862322457,116979.0,0.0,0.008403361344537815,0.0,0.008403361344537815,0.0,0.008403361344537815,0.0,0.008403361344537815,0.0,0.008403361344537815,0.0,0.008403361344537815
cec2017_f16,100.0,1600.0,51,1.0,5.0,64.0,124.0,0.01652089407191448,1.3494919234217568,0.4376417233560091,1.0,0.4376417233560091,161.0,144.0,178.0,0.22863634631522212,1.0,0.7713636536847779,0.6419778998622794,61535.0,0.0,0.006211180124223602,0.0,0.006211180124223602,0.0,0.006211180124223602,0.0,0.006211180124223602,0.0,0.006211180124223602,0.0,0.006211180124223602
cec2017_f16,400.0,1600.0,51,1.0,2.0,11.0,22.0,0.08869565217391304,1.5811388300841895,0.8191304347826087,1.0,0.8191304347826087,176.0,173.0,179.0,0.23566079932351014,1.0,0.7643392006764899,0.5934072199700137,33159.0,0.0,0.005681818181818182,0.0,0.005681818181818182,0.0,0.005681818181818182,0.0,0.005681818181818182,0.0,0.005681818181818182,0.0,0.005681818181818182
cec2017_f17,0.01,1700.0,1,0.0196078431372549,1249.0,1249.0,1249.0,1.5698833576665255e-05,0.0,0.50319326809747,0.09415344132883809,0.023654852945207357,20.0,20.0,20.0,0.13343295772922942,1.0,0.8665670422707705,0.7170257778089609,389314.0,0.0,0.05,0.0,0.05,0.0,0.05,0.0,0.05,0.0,0.05,0.0,0.05
cec2017_f17,1.0,1700.0,50,0.9803921568627451,596.0,701.5,926.0,0.0013538761474100349,1.587589610494432,0.2800964133197097,0.26998349445885406,0.06782991432838167,52.0,35.0,63.0,0.25237595479743063,1.0,0.7476240452025693,0.7550519808357989,268349.0,0.0,0.019230769230769232,0.0,0.019230769230769232,0.0,0.019230769230769232,0.0,0.019230769230769232,0.0,0.019230769230769232,0.0,0.020833333333333332
cec2017_f17,10.0,1700.0,51,1.0,366.0,456.0,522.0,0.0022069323640140203,1.0776859324957697,0.2512008308451253,0.44558397161279156,0.11168808689255269,80.0,72.0,94.0,0.2578996692671478,1.0,0.7421003307328522,0.7438471764886783,194169.0,0.0,0.0125,0.0,0.0125,0.0,0.0125,0.0,0.0125,0.0,0.0125,0.0,0.0125
cec2017_f17,100.0,1700.0,51,1.0,10.0,36.0,73.0,0.02661795407098121,1.1643698371487814,0.45407098121085593,1.0,0.45407098121085593,169.0,158.0,177.0,0.24189501153713894,1.0,0.758104988462861,0.6328655241392219,58226.0,0.0,0.005917159763313609,0.0,0.005917159763313609,0.0,0.005917159763313609,0.0,0.005917159763313609,0.0,0.005917159763313609,0.0,0.005917159763313609
cec2017_f17,400.0,1700.0,51,1.0,0.0,2.0,5.0,0.5795454545454546,2.9999999999999996,1.0,1.0,1.0,179.0,178.0,180.0,0.2225304405571395,1.0,0.7774695594428604,0.5359794287325413,8620.0,0.0,0.00558659217877095,0.0,0.00558659217877095,0.0,0.00558659217877095,0.0,0.00558659217877095,0.0,0.00558659217877095,0.0,0.00558659217877095
cec2017_f18,0.01,1800.0,14,0.27450980392156865,594.0,743.5,1196.0,0.0002548605548678366,1.3504053696244587,0.8091197602151011,0.917761272975713,0.750804425441883,48.5,22.0,63.0,0.1111338434192357,1.0,0.8888661565807643,0.5526183881401161,524339.0,1.0,0.9359272164150212,1.0,1.0,1.0,1.0,1.0,1.0,1.0,1.0,1.0,1.0
cec2017_f18,1.0,1800.0,50,0.9803921568627451,346.0,419.0,516.0,0.0023208317861121426,1.2679438713522195,0.7409451535012073,0.9288116591928252,0.685667471541911,86.0,72.0,98.0,0.11643390762310721,1.0,0.8835660923768928,0.5880135008053022,296042.0,0.0,0.011627906976744186,0.02,0.012121657361151925,0.4,0.055290811339198435,0.96,0.20227272727272727,1.0,0.5483005366726297,1.0,0.9313725490196079
cec2017_f18,10.0,1800.0,50,0.9803921568627451,179.0,251.0,332.0,0.003830537041293189,1.066381481804605,0.7231441048034934,0.8890829694323145,0.6370171313402755,115.0,100.0,131.0,0.14526839003893535,1.0,0.8547316099610647,0.5965407796107768,249548.0,0.0,0.008695652173913044,0.0,0.008695652173913044,0.0,0.008695652173913044,0.02,0.008889064475347661,0.3,0.02620137299771167,0.92,0.16819428123775948
cec2017_f18,100.0,1800.0,51,1.0,90.0,103.0,118.0,0.009706889988580129,1.2955969390869324,0.43033878949371906,1.0,0.43033878949371906,150.0,146.0,153.0,0.2066390560662626,1.0,0.7933609439337375,0.6334820778067501,156706.0,0.0,0.006666666666666667,0.0,0.006666666666666667,0.0,0.006666666666666667,0.0,0.006666666666666667,0.0,0.006666666666666667,0.0,0.006666666666666667
cec2017_f18,400.0,1800.0,51,1.0,71.0,84.0,103.0,0.011830201809324982,1.6165646445471957,0.43400603108327535,1.0,0.43400603108327535,155.0,150.0,159.0,0.20809727517510998,1.0,0.79190272482489,0.6328595697096382,130423.0,0.0,0.0064516129032258064,0.0,0.0064516129032258064,0.0,0.0064516129032258064,0.0,0.0064516129032258064,0.0,0.0064516129032258064,0.0,0.0064516129032258064
cec2017_f19,0.01,1900.0,30,0.5882352941176471,740.0,982.5,2072.0,0.0003899496964891529,1.5255026185885103,0.7329487098205795,0.4720091295251379,0.37233246687377164,31.5,5.0,49.0,0.08153352614859662,1.0,0.9184664738514033,0.6038484058392943,372323.0,0.06666666666666667,0.06458333333333333,0.16666666666666666,0.07692307692307693,0.7666666666666667,0.3011627906976744,0.9333333333333333,1.0,0.9333333333333333,1.0,0.9333333333333333,1.0
cec2017_f19,1.0,1900.0,51,1.0,341.0,419.0,514.0,0.0023768467166891925,1.189136904186671,0.7001910798340868,0.9677494523931585,0.6857901850212053,86.0,73.0,99.0,0.11892781407555857,1.0,0.8810721859244415,0.6255230090386587,230050.0,0.0,0.011627906976744186,0.0,0.011627906976744186,0.0,0.011627906976744186,0.0,0.011764705882352941,0.0196078431372549,0.011904761904761904,0.43137254901960786,0.045454545454545456
cec2017_f19,10.0,1900.0,51,1.0,78.0,100.0,133.0,0.009929906542056074,2.2212348587037485,0.33352803738317754,1.0,0.33352803738317754,151.0,142.0,157.0,0.22716272904777965,1.0,0.7728372709522203,0.6601305503362651,153735.0,0.0,0.006622516556291391,0.0,0.006622516556291391,0.0,0.006622516556291391,0.0,0.006622516556291391,0.0,0.006622516556291391,0.0,0.006622516556291391
cec2017_f19,100.0,1900.0,51,1.0,43.0,59.0,74.0,0.01709688233322159,1.6413618365430391,0.2775729131746564,1.0,0.2775729131746564,162.0,158.0,167.0,0.2399560824190049,1.0,0.7600439175809951,0.6696374322047333,100581.0,0.0,0.006172839506172839,0.0,0.006172839506172839,0.0,0.006172839506172839,0.0,0.006172839506172839,0.0,0.006172839506172839,0.0,0.006172839506172839
cec2017_f19,400.0,1900.0,51,1.0,23.0,47.0,59.0,0.022222222222222223,1.417483424685897,0.3167755991285403,1.0,0.3167755991285403,165.0,162.0,173.0,0.2430684762322876,1.0,0.7569315237677123,0.6652763911100511,84956.0,0.0,0.006060606060606061,0.0,0.006060606060606061,0.0,0.006060606060606061,0.0,0.006060606060606061,0.0,0.006060606060606061,0.0,0.006060606060606061
cec2017_f2,0.01,200.0,51,1.0,133.0,149.0,172.0,0.00674424755355726,1.6674554346552932,0.9334832055011901,1.0,0.9334832055011901,138.0,133.0,142.0,0.13933155379431542,0.8780385060697738,0.7387069522754585,0.5196972428761746,275054.0,0.39215686274509803,0.04964539007092199,1.0,0.7925925925925926,1.0,1.0,1.0,1.0,1.0,1.0,1.0,1.0
cec2017_f2,1.0,200.0,51,1.0,105.0,118.0,137.0,0.008478802992518703,1.3169567191065923,0.916375727348296,1.0,0.916375727348296,146.0,141.0,149.0,0.13734726225736563,0.9042007205306005,0.7668534582732349,0.5254004831326463,217842.0,0.0,0.00684931506849315,0.0,0.00684931506849315,0.47058823529411764,0.04054054054054054,1.0,0.4794520547945205,1.0,0.7777777777777778,1.0,0.9657534246575342
cec2017_f2,10.0,200.0,51,1.0,94.0,104.0,122.0,0.009472511144130757,1.138384103607802,0.9069465081723626,1.0,0.9069465081723626,150.0,145.0,152.0,0.1380956857949851,0.9207164355519797,0.7826207497569946,0.5308537549826421,193287.0,0.0,0.006666666666666667,0.0,0.006666666666666667,0.0,0.006666666666666667,0.37254901960784315,0.02702702702702703,0.9607843137254902,0.12837837837837837,1.0,0.2980132450331126
cec2017_f2,100.0,200.0,51,1.0,75.0,91.0,110.0,0.010965383788432596,1.3477115902938006,0.8922812298430445,1.0,0.8922812298430445,153.0,148.0,157.0,0.14013870536314932,0.9457798044470594,0.8056410990839101,0.5398537020743838,165377.0,0.0,0.006535947712418301,0.0,0.006535947712418301,0.0,0.006535947712418301,0.0,0.006535947712418301,0.35294117647058826,0.025477707006369428,0.8627450980392157,0.11258278145695365
cec2017_f2,400.0,200.0,51,1.0,68.0,82.0,98.0,0.012195121951219513,1.3333333333333335,0.8802008608321378,1.0,0.8802008608321378,156.0,151.0,159.0,0.14303345995139388,0.9671501884826069,0.824116728531213,0.5472851628316451,148198.0,0.0,0.00641025641025641,0.0,0.00641025641025641,0.0,0.00641025641025641,0.0,0.00641025641025641,0.0,0.006578947368421052,0.6078431372549019,0.0392156862745098
cec2017_f20,0.01,2000.0,51,1.0,857.0,1009.0,1099.0,0.0009953355842229551,1.639595272916881,0.1954370694197779,0.36158004644899394,0.08676984328343644,30.0,26.0,40.0,0.33841172101572714,1.0,0.6615882789842729,0.8085934363615626,401084.0,0.23529411764705882,0.09090909090909091,0.23529411764705882,0.09090909090909091,0.23529411764705882,0.09090909090909091,0.23529411764705882,0.09090909090909091,0.4117647058823529,0.10344827586206896,0.803921568627451,0.23529411764705882
cec2017_f20,1.0,2000.0,51,1.0,512.0,639.0,706.0,0.0015714549824366797,1.5826001494612327,0.11382264127688421,0.3361989277130708,0.03115178406359771,58.0,52.0,73.0,0.3631696163786778,1.0,0.6368303836213223,0.8186517342780886,277565.0,0.0,0.017241379310344827,0.0,0.017857142857142856,0.058823529411764705,0.031746031746031744,0.09803921568627451,0.03333333333333333,0.09803921568627451,0.03333333333333333,0.7254901960784313,0.09836065573770492
cec2017_f20,10.0,2000.0,51,1.0,277.0,376.0,425.0,0.002702559482804303,1.387950336238871,0.08192464628265593,0.5135392930952255,0.0412272799533676,93.0,85.0,110.0,0.36513636347166056,1.0,0.6348636365283394,0.8147401607892779,199382.0,0.0,0.010752688172043012,0.0,0.010752688172043012,0.0,0.010752688172043012,0.0,0.010869565217391304,0.0,0.010869565217391304,0.0,0.02040816326530612
cec2017_f20,100.0,2000.0,51,1.0,11.0,30.0,51.0,0.033819628647214856,1.369306393762915,0.34350132625994695,1.0,0.34350132625994695,170.0,164.0,176.0,0.2997878236452944,1.0,0.7002121763547056,0.6852250319331412,52837.0,0.0,0.0058823529411764705,0.0,0.0058823529411764705,0.0,0.0058823529411764705,0.0,0.0058823529411764705,0.0,0.0058823529411764705,0.0,0.0058823529411764705
cec2017_f20,400.0,2000.0,51,1.0,0.0,1.0,3.0,1.1590909090909092,3.958114029012639,1.0,1.0,1.0,179.0,179.0,180.0,0.23829778368562965,1.0,0.7617022163143703,0.5370076163303884,3948.0,0.0,0.00558659217877095,0.0,0.00558659217877095,0.0,0.00558659217877095,0.0,0.00558659217877095,0.0,0.00558659217877095,0.0,0.00558659217877095
cec2017_f21,0.01,2100.0,0,0.0,,,,,,0.5681925265485122,0.4406418759740495,0.38196332137291145,,,,0.013721388681041287,0.8460798810625743,0.8323584923815329,0.41187282596120156,468151.0,0.0,,0.0,,0.0,,0.0,,0.0,,0.0,
cec2017_f21,1.0,2100.0,0,0.0,,,,,,0.5681925265485122,0.4406418759740495,0.38196332137291145,,,,0.013721388681041287,0.8460798810625743,0.8323584923815329,0.41187282596120156,468151.0,0.0,,0.0,,0.0,,0.0,,0.0,,0.0,
cec2017_f21,10.0,2100.0,0,0.0,,,,,,0.5681925265485122,0.4406418759740495,0.38196332137291145,,,,0.013721388681041287,0.8460798810625743,0.8323584923815329,0.41187282596120156,468151.0,0.0,,0.0,,0.0,,0.0,,0.0,,0.0,
cec2017_f21,100.0,2100.0,8,0.1568627450980392,517.0,576.5,654.0,0.00024445395098698285,1.0399346692759532,0.5120422708282133,0.36785246170230196,0.30157901204227083,65.0,57.0,72.0,0.013703177226406228,0.8460394090129061,0.8323362317864998,0.41180103522554884,467735.0,1.0,1.0,1.0,1.0,1.0,1.0,1.0,1.0,1.0,1.0,1.0,1.0
cec2017_f21,400.0,2100.0,51,1.0,0.0,0.0,0.0,0.0,0.0,0.0,0.0,0.0,180.0,180.0,180.0,,,,,,0.0,0.005555555555555556,0.0,0.005555555555555556,0.0,0.005555555555555556,0.0,0.005555555555555556,0.0,0.005555555555555556,0.0,0.005555555555555556
cec2017_f22,0.01,2200.0,2,0.0392156862745098,212.0,221.5,231.0,0.00017003910899506886,0.0,0.9517181791714798,1.0,0.9517181791714798,122.0,120.0,124.0,0.127495783512894,0.8217309885344606,0.6942352050215665,0.490750060124953,763916.0,1.0,1.0,1.0,1.0,1.0,1.0,1.0,1.0,1.0,1.0,1.0,1.0
cec2017_f22,1.0,2200.0,2,0.0392156862745098,161.0,168.0,175.0,0.00022444170126809562,0.0,0.9516696123039897,1.0,0.9516696123039897,133.5,132.0,135.0,0.12741919967662724,0.8224596890026761,0.6950404893260489,0.4909425147386323,759016.0,0.0,0.007491582491582492,1.0,0.075,1.0,0.8727272727272728,1.0,1.0,1.0,1.0,1.0,1.0
cec2017_f22,10.0,2200.0,2,0.0392156862745098,132.0,138.0,144.0,0.00027277686852154935,0.0,0.9516423357664233,1.0,0.9516423357664233,140.5,139.0,142.0,0.12736382139351757,0.8225314332262345,0.6951676118327169,0.4908513339757945,756852.0,0.0,0.007118249062721654,0.0,0.007118249062721654,0.0,0.007118249062721654,0.5,0.049751747897456684,1.0,0.7140541088256156,1.0,0.942902016415037
cec2017_f22,100.0,2200.0,18,0.35294117647058826,42.0,642.0,742.0,0.0005132591958939265,3.018094411636425,0.9737304258744329,1.0,0.9737304258744329,58.0,49.0,167.0,0.12743782412503699,0.8218529734519318,0.6944151493268947,0.490773244219296,753494.0,0.8888888888888888,1.0,0.8888888888888888,1.0,0.8888888888888888,1.0,0.8888888888888888,1.0,0.8888888888888888,1.0,0.8888888888888888,1.0
cec2017_f22,400.0,2200.0,51,1.0,0.0,6.0,12.0,0.15644171779141106,1.964971020425266,0.9631901840490797,1.0,0.9631901840490797,178.0,176.0,180.0,0.23219373065791654,1.0,0.7678062693420835,0.5768870507565131,25722.0,0.0,0.0056179775280898875,0.0,0.0056179775280898875,0.0,0.0056179775280898875,0.0,0.0056179775280898875,0.0,0.0056179775280898875,0.0,0.0056179775280898875
cec2017_f23,0.01,2300.0,0,0.0,,,,,,0.34051864738501686,0.11367837338262476,0.05582436301692581,,,,0.006105759868092683,0.9733517386589883,0.9672459787908956,0.34733881443555126,315922.0,0.0,,0.0,,0.0,,0.0,,0.0,,0.0,
cec2017_f23,1.0,2300.0,0,0.0,,,,,,0.34051864738501686,0.11367837338262476,0.05582436301692581,,,,0.006105759868092683,0.9733517386589883,0.9672459787908956,0.34733881443555126,315922.0,0.0,,0.0,,0.0,,0.0,,0.0,,0.0,
cec2017_f23,10.0,2300.0,0,0.0,,,,,,0.34051864738501686,0.11367837338262476,0.05582436301692581,,,,0.006105759868092683,0.9733517386589883,0.9672459787908956,0.34733881443555126,315922.0,0.0,,0.0,,0.0,,0.0,,0.0,,0.0,
cec2017_f23,100.0,2300.0,0,0.0,,,,,,0.34051864738501686,0.11367837338262476,0.05582436301692581,,,,0.006105759868092683,0.9733517386589883,0.9672459787908956,0.34733881443555126,315922.0,0.0,,0.0,,0.0,,0.0,,0.0,,0.0,
cec2017_f23,400.0,2300.0,51,1.0,1.0,5.0,7.0,0.20816326530612245,2.7080128015453204,1.0,1.0,1.0,178.0,177.0,179.0,0.25757231939456093,1.0,0.7424276806054391,0.5783113394558563,28739.0,0.0,0.0056179775280898875,0.0,0.0056179775280898875,0.0,0.0056179775280898875,0.0,0.0056179775280898875,0.0,0.0056179775280898875,0.0,0.0056179775280898875
cec2017_f24,0.01,2400.0,3,0.058823529411764705,233.0,340.0,362.0,0.00016383594560646605,0.6589147286821705,0.2893127367446831,0.15452212161401432,0.06837329567681548,99.0,95.0,119.0,0.0058414260335760484,0.9189911051013182,0.9131496790677421,0.3324624864634145,308946.0,1.0,1.0,1.0,1.0,1.0,1.0,1.0,1.0,1.0,1.0,1.0,1.0
cec2017_f24,1.0,2400.0,3,0.058823529411764705,178.0,286.0,307.0,0.0001934610176049526,0.6744186046511628,0.2881989239605134,0.15319706048182868,0.06691321923110002,109.0,105.0,131.0,0.005689380342995401,0.9224113344290876,0.9167219540860922,0.32985196396352673,302319.0,1.0,0.5047619047619047,1.0,1.0,1.0,1.0,1.0,1.0,1.0,1.0,1.0,1.0
cec2017_f24,10.0,2400.0,3,0.058823529411764705,142.0,251.0,276.0,0.0002155636990730761,0.6268656716417911,0.2875044241015487,0.1523708401488411,0.0660028122937412,115.0,111.0,140.0,0.0055925852085875315,0.9246169438351456,0.9190243586265581,0.32797648336822005,298129.0,0.0,0.008695652173913044,0.0,0.008695652173913044,0.0,0.008695652173913044,1.0,0.2642857142857143,1.0,0.9928571428571429,1.0,1.0
cec2017_f24,100.0,2400.0,4,0.0784313725490196,79.0,177.5,683.0,0.00012041664157986634,1.0576425372037495,0.2767420374422563,0.13822513980063214,0.051543885241915874,131.5,54.0,156.0,0.005494605502463768,0.9237196801226296,0.9182250746201659,0.324390524754232,293430.0,0.25,0.007605552342394448,0.25,0.007605552342394448,0.25,0.007605552342394448,0.25,0.007605552342394448,0.25,0.007605552342394448,0.25,0.007605552342394448
cec2017_f24,400.0,2400.0,51,1.0,1.0,8.0,12.0,0.12718204488778054,2.090909090909091,0.9301745635910225,1.0,0.9301745635910225,177.0,176.0,179.0,0.2594699060271079,1.0,0.740530093972892,0.5969256698858971,44626.0,0.0,0.005649717514124294,0.0,0.005649717514124294,0.0,0.005649717514124294,0.0,0.005649717514124294,0.0,0.005649717514124294,0.0,0.005649717514124294
cec2017_f25,0.01,2500.0,0,0.0,,,,,,0.9444655866043274,0.9172556268348374,0.8892754883838933,,,,0.08544561025595378,0.8389907229525437,0.75354511269659,0.48114654661409995,589927.0,0.0,,0.0,,0.0,,0.0,,0.0,,0.0,
cec2017_f25,1.0,2500.0,0,0.0,,,,,,0.9444655866043274,0.9172556268348374,0.8892754883838933,,,,0.08544561025595378,0.8389907229525437,0.75354511269659,0.48114654661409995,589927.0,0.0,,0.0,,0.0,,0.0,,0.0,,0.0,
cec2017_f25,10.0,2500.0,0,0.0,,,,,,0.9444655866043274,0.9172556268348374,0.8892754883838933,,,,0.08544561025595378,0.8389907229525437,0.75354511269659,0.48114654661409995,589927.0,0.0,,0.0,,0.0,,0.0,,0.0,,0.0,
cec2017_f25,100.0,2500.0,0,0.0,,,,,,0.9444655866043274,0.9172556268348374,0.8892754883838933,,,,0.08544561025595378,0.8389907229525437,0.75354511269659,0.48114654661409995,589927.0,0.0,,0.0,,0.0,,0.0,,0.0,,0.0,
cec2017_f25,400.0,2500.0,40,0.7843137254901961,65.0,80.0,100.0,0.009263547938860583,1.230894813059315,0.8188142994596995,0.6647176374805713,0.5956998001628303,156.0,151.0,160.0,0.07208873734024436,0.8980561259728642,0.8259673886326199,0.4995404454359836,260222.0,0.0,0.00641025641025641,0.0,0.00641025641025641,0.0,0.00641025641025641,0.625,0.07168025131601291,1.0,0.6571722302854378,1.0,0.9935897435897436
cec2017_f26,0.01,2600.0,0,0.0,,,,,,0.9755898662607372,1.0,0.9755898662607372,,,,0.14329785633713066,0.7673125044896696,0.6240146481525389,0.4764723191229917,1020476.0,0.0,,0.0,,0.0,,0.0,,0.0,,0.0,
cec2017_f26,1.0,2600.0,0,0.0,,,,,,0.9755898662607372,1.0,0.9755898662607372,,,,0.14329785633713066,0.7673125044896696,0.6240146481525389,0.4764723191229917,1020476.0,0.0,,0.0,,0.0,,0.0,,0.0,,0.0,
cec2017_f26,10.0,2600.0,0,0.0,,,,,,0.9755898662607372,1.0,0.9755898662607372,,,,0.14329785633713066,0.7673125044896696,0.6240146481525389,0.4764723191229917,1020476.0,0.0,,0.0,,0.0,,0.0,,0.0,,0.0,
cec2017_f26,100.0,2600.0,0,0.0,,,,,,0.9755898662607372,1.0,0.9755898662607372,,,,0.14329785633713066,0.7673125044896696,0.6240146481525389,0.4764723191229917,1020476.0,0.0,,0.0,,0.0,,0.0,,0.0,,0.0,
cec2017_f26,400.0,2600.0,51,1.0,29.0,37.0,44.0,0.02671555788370875,1.6666666666666665,0.45940282870612886,1.0,0.45940282870612886,168.0,166.0,171.0,0.22166784958655014,1.0,0.7783321504134498,0.6221308318727203,98847.0,0.0,0.005952380952380952,0.0,0.005952380952380952,0.0,0.005952380952380952,0.0,0.005952380952380952,0.0,0.005952380952380952,0.0,0.005988023952095809
cec2017_f27,0.01,2700.0,0,0.0,,,,,,0.9789061650538219,1.0,0.9789061650538219,,,,0.15607173752906656,0.9014867968101645,0.745415059281098,0.5314052608767958,650056.0,0.0,,0.0,,0.0,,0.0,,0.0,,0.0,
cec2017_f27,1.0,2700.0,0,0.0,,,,,,0.9789061650538219,1.0,0.9789061650538219,,,,0.15607173752906656,0.9014867968101645,0.745415059281098,0.5314052608767958,650056.0,0.0,,0.0,,0.0,,0.0,,0.0,,0.0,
cec2017_f27,10.0,2700.0,0,0.0,,,,,,0.9789061650538219,1.0,0.9789061650538219,,,,0.15607173752906656,0.9014867968101645,0.745415059281098,0.5314052608767958,650056.0,0.0,,0.0,,0.0,,0.0,,0.0,,0.0,
cec2017_f27,100.0,2700.0,0,0.0,,,,,,0.9789061650538219,1.0,0.9789061650538219,,,,0.15607173752906656,0.9014867968101645,0.745415059281098,0.5314052608767958,650056.0,0.0,,0.0,,0.0,,0.0,,0.0,,0.0,
cec2017_f27,400.0,2700.0,51,1.0,19.0,27.0,33.0,0.03758290346352248,1.7554579610635008,0.3559322033898305,1.0,0.3559322033898305,171.0,170.0,174.0,0.2929757717144532,1.0,0.7070242282855468,0.683647286573026,103389.0,0.0,0.005847953216374269,0.0,0.005847953216374269,0.0,0.005847953216374269,0.0,0.005847953216374269,0.0,0.005847953216374269,0.1568627450980392,0.011764705882352941
cec2017_f28,0.01,2800.0,0,0.0,,,,,,0.9436501032945526,1.0,0.9436501032945526,,,,0.14920757678745847,0.8278354654521388,0.6786278886646804,0.49822484618033686,963984.0,0.0,,0.0,,0.0,,0.0,,0.0,,0.0,
cec2017_f28,1.0,2800.0,0,0.0,,,,,,0.9436501032945526,1.0,0.9436501032945526,,,,0.14920757678745847,0.8278354654521388,0.6786278886646804,0.49822484618033686,963984.0,0.0,,0.0,,0.0,,0.0,,0.0,,0.0,
cec2017_f28,10.0,2800.0,0,0.0,,,,,,0.9436501032945526,1.0,0.9436501032945526,,,,0.14920757678745847,0.8278354654521388,0.6786278886646804,0.49822484618033686,963984.0,0.0,,0.0,,0.0,,0.0,,0.0,,0.0,
cec2017_f28,100.0,2800.0,0,0.0,,,,,,0.9436501032945526,1.0,0.9436501032945526,,,,0.14920757678745847,0.8278354654521388,0.6786278886646804,0.49822484618033686,963984.0,0.0,,0.0,,0.0,,0.0,,0.0,,0.0,
cec2017_f28,400.0,2800.0,43,0.8431372549019608,37.0,60.0,92.0,0.0129090363254278,2.1241624504030945,0.848545737680213,1.0,0.848545737680213,162.0,153.0,168.0,0.20246893748530745,1.0,0.7975310625146925,0.613819510318646,211580.0,0.0,0.006172839506172839,0.0,0.006172839506172839,0.0,0.006172839506172839,0.0,0.006172839506172839,0.0,0.006172839506172839,0.023255813953488372,0.00625
cec2017_f29,0.01,2900.0,0,0.0,,,,,,0.2620782139103331,0.1905965713457287,0.0985466275234678,,,,0.002845497521620761,0.9505399978366847,0.947694500315064,0.29363983070776967,211936.0,0.0,,0.0,,0.0,,0.0,,0.0,,0.0,
cec2017_f29,1.0,2900.0,0,0.0,,,,,,0.2620782139103331,0.1905965713457287,0.0985466275234678,,,,0.002845497521620761,0.9505399978366847,0.947694500315064,0.29363983070776967,211936.0,0.0,,0.0,,0.0,,0.0,,0.0,,0.0,
cec2017_f29,10.0,2900.0,0,0.0,,,,,,0.2620782139103331,0.1905965713457287,0.0985466275234678,,,,0.002845497521620761,0.9505399978366847,0.947694500315064,0.29363983070776967,211936.0,0.0,,0.0,,0.0,,0.0,,0.0,,0.0,
cec2017_f29,100.0,2900.0,0,0.0,,,,,,0.2620782139103331,0.1905965713457287,0.0985466275234678,,,,0.002845497521620761,0.9505399978366847,0.947694500315064,0.29363983070776967,211936.0,0.0,,0.0,,0.0,,0.0,,0.0,,0.0,
cec2017_f29,400.0,2900.0,51,1.0,5.0,21.0,43.0,0.04623753399818677,1.4063567595670936,0.6727107887579329,1.0,0.6727107887579329,173.0,167.0,178.0,0.22537176927994076,1.0,0.7746282307200593,0.6119026754598044,41297.0,0.0,0.005780346820809248,0.0,0.005780346820809248,0.0,0.005780346820809248,0.0,0.005780346820809248,0.0,0.005780346820809248,0.0,0.005780346820809248
cec2017_f3,0.01,300.0,51,1.0,137.0,153.0,180.0,0.006495987772258311,1.7559294586988532,0.9517258947904725,1.0,0.9517258947904725,137.0,131.0,141.0,0.12133927201534012,0.7932001562571863,0.6718608842418462,0.4732319838747585,273941.0,1.0,1.0,1.0,1.0,1.0,1.0,1.0,1.0,1.0,1.0,1.0,1.0
cec2017_f3,1.0,300.0,51,1.0,100.0,120.0,140.0,0.008401976935749587,1.3462912017836262,0.9375617792421747,1.0,0.9375617792421747,145.0,140.0,151.0,0.12051963072821843,0.8290215059118903,0.7085018751836718,0.4826953456358289,196379.0,0.0,0.006896551724137931,0.0392156862745098,0.0136986301369863,1.0,0.5205479452054794,1.0,1.0,1.0,1.0,1.0,1.0
cec2017_f3,10.0,300.0,51,1.0,86.0,102.0,122.0,0.00989522700814901,1.3040771771450559,0.926464881645324,1.0,0.926464881645324,150.0,145.0,154.0,0.12129929470371582,0.8598676730738521,0.7385683783701363,0.49125227392680965,156957.0,0.0,0.006666666666666667,0.0,0.006666666666666667,0.0,0.006666666666666667,0.9411764705882353,0.17567567567567569,1.0,0.9797297297297297,1.0,1.0
cec2017_f3,100.0,300.0,51,1.0,65.0,83.0,101.0,0.012059588555214,1.3333333333333333,0.9103807046583117,1.0,0.9103807046583117,155.0,150.0,160.0,0.1229919209215785,0.9041131350095882,0.7811212140880097,0.5051712975837198,117747.0,0.0,0.0064516129032258064,0.0,0.0064516129032258064,0.0,0.0064516129032258064,0.0,0.0064516129032258064,0.0392156862745098,0.013157894736842105,0.9607843137254902,0.5328947368421053
cec2017_f3,400.0,300.0,51,1.0,53.0,70.0,89.0,0.014154870940882597,1.496910398367498,0.8948098806550097,1.0,0.8948098806550097,159.0,154.0,164.0,0.12327290311508908,0.9483609296172434,0.8250880265021543,0.5184689230024307,92376.0,0.0,0.006289308176100629,0.0,0.006289308176100629,0.0,0.006289308176100629,0.0,0.006289308176100629,0.0,0.006289308176100629,0.058823529411764705,0.018867924528301886
cec2017_f30,0.01,3000.0,0,0.0,,,,,,0.8944855206407887,1.0,0.8944855206407887,,,,0.11634021500696667,0.8675137952448673,0.7511735802379006,0.5032627839354885,584451.0,0.0,,0.0,,0.0,,0.0,,0.0,,0.0,
cec2017_f30,1.0,3000.0,0,0.0,,,,,,0.8944855206407887,1.0,0.8944855206407887,,,,0.11634021500696667,0.8675137952448673,0.7511735802379006,0.5032627839354885,584451.0,0.0,,0.0,,0.0,,0.0,,0.0,,0.0,
cec2017_f30,10.0,3000.0,0,0.0,,,,,,0.8944855206407887,1.0,0.8944855206407887,,,,0.11634021500696667,0.8675137952448673,0.7511735802379006,0.5032627839354885,584451.0,0.0,,0.0,,0.0,,0.0,,0.0,,0.0,
cec2017_f30,100.0,3000.0,0,0.0,,,,,,0.8944855206407887,1.0,0.8944855206407887,,,,0.11634021500696667,0.8675137952448673,0.7511735802379006,0.5032627839354885,584451.0,0.0,,0.0,,0.0,,0.0,,0.0,,0.0,
cec2017_f30,400.0,3000.0,37,0.7254901960784313,190.0,215.0,268.0,0.0031588832920686418,1.9925898226136336,0.8384347962464386,1.0,0.8384347962464386,123.0,112.0,129.0,0.1344618753176845,0.8788330322846527,0.7443711569669682,0.5185686949040217,360060.0,0.0,0.008130081300813009,0.0,0.00819672131147541,0.7297297297297297,0.09482758620689655,1.0,0.8416666666666667,1.0,1.0,1.0,1.0
cec2017_f4,0.01,400.0,51,1.0,177.0,187.0,199.0,0.005339195979899497,1.2984415324623366,0.9348827470686767,1.0,0.9348827470686767,129.0,127.0,132.0,0.1693756839101395,0.8607089568289753,0.6913332729188358,0.5452589090348312,471434.0,0.5098039215686274,0.046511627906976744,0.9607843137254902,0.15384615384615385,1.0,0.32558139534883723,1.0,0.7906976744186046,1.0,1.0,1.0,1.0
cec2017_f4,1.0,400.0,51,1.0,126.0,139.0,151.0,0.007152875175315568,1.3416407864998738,0.9129032258064517,1.0,0.9129032258064517,141.0,138.0,144.0,0.1699372210840263,0.8724688635818908,0.7025316424978645,0.5469818917312271,370886.0,0.0,0.0070921985815602835,0.0196078431372549,0.007142857142857143,0.6078431372549019,0.04895104895104895,1.0,0.35714285714285715,1.0,0.8201438848920863,1.0,1.0
cec2017_f4,10.0,400.0,51,1.0,41.0,49.0,57.0,0.02079086832450061,1.5860721925561898,0.7664084794129638,1.0,0.7664084794129638,165.0,163.0,167.0,0.18484292469853153,0.9727530631544928,0.7879101384559613,0.5778099079557277,131185.0,0.0,0.006060606060606061,0.0,0.006060606060606061,0.0,0.006060606060606061,0.0,0.006060606060606061,0.0784313725490196,0.012121212121212121,1.0,0.3575757575757576
cec2017_f4,100.0,400.0,51,1.0,3.0,12.0,19.0,0.0868824531516184,1.9202864369671522,0.8347529812606473,1.0,0.8347529812606473,176.0,174.0,179.0,0.22016051060115643,1.0,0.7798394893988436,0.585957115171354,52119.0,0.0,0.005681818181818182,0.0,0.005681818181818182,0.0,0.005681818181818182,0.0,0.005681818181818182,0.0,0.005681818181818182,0.0,0.005681818181818182
cec2017_f4,400.0,400.0,51,1.0,0.0,4.0,6.0,0.27717391304347827,2.70801280154532,1.0,1.0,1.0,178.0,178.0,180.0,0.21365479899063256,1.0,0.7863452010093674,0.5435922017016198,21604.0,0.0,0.0056179775280898875,0.0,0.0056179775280898875,0.0,0.0056179775280898875,0.0,0.0056179775280898875,0.0,0.0056179775280898875,0.0,0.0056179775280898875
cec2017_f5,0.01,500.0,0,0.0,,,,,,0.4878130549816969,0.07693631981443225,0.03798340038418325,,,,0.006171401732292693,1.0,0.9938285982677073,0.37802721790992105,271754.0,0.0,,0.0,,0.0,,0.0,,0.0,,0.0,
cec2017_f5,1.0,500.0,2,0.0392156862745098,1311.0,1357.5,1404.0,2.7967725245067192e-05,0.0,0.4867081682007522,0.07807744296604169,0.038546771983705895,16.5,15.0,18.0,0.006180439788522301,1.0,0.9938195602114777,0.3782464077901593,271352.0,0.0,0.06111111111111111,0.0,0.06111111111111111,0.0,0.06111111111111111,0.0,0.06111111111111111,0.0,0.06111111111111111,0.0,0.06111111111111111
cec2017_f5,10.0,500.0,51,1.0,177.0,297.0,377.0,0.0033763654419066533,1.1629703349613008,0.592717643164515,0.5140681893412777,0.2707712677921218,106.0,92.0,132.0,0.0197429764804032,1.0,0.9802570235195968,0.5420425466485859,139981.0,0.0,0.009433962264150943,0.0,0.009433962264150943,0.0,0.009433962264150943,0.0,0.009433962264150943,0.0,0.009433962264150943,0.0,0.009433962264150943
cec2017_f5,100.0,500.0,51,1.0,0.0,3.0,5.0,0.34459459459459457,2.9999999999999996,1.0,1.0,1.0,179.0,178.0,180.0,0.23423350976480017,1.0,0.7657664902351998,0.5472289227155683,17199.0,0.0,0.00558659217877095,0.0,0.00558659217877095,0.0,0.00558659217877095,0.0,0.00558659217877095,0.0,0.00558659217877095,0.0,0.00558659217877095
cec2017_f5,400.0,500.0,51,1.0,0.0,0.0,0.0,0.0,0.0,0.0,0.0,0.0,180.0,180.0,180.0,,,,,,0.0,0.005555555555555556,0.0,0.005555555555555556,0.0,0.005555555555555556,0.0,0.005555555555555556,0.0,0.005555555555555556,0.0,0.005555555555555556
cec2017_f6,0.01,600.0,51,1.0,204.0,233.0,256.0,0.004290401278707832,1.8035960134912852,0.9262219231092791,1.0,0.9262219231092791,119.0,114.0,125.0,0.16904685317256318,0.8389633170055377,0.6699164638329745,0.5093622133397117,316503.0,1.0,1.0,1.0,1.0,1.0,1.0,1.0,1.0,1.0,1.0,1.0,1.0
cec2017_f6,1.0,600.0,51,1.0,95.0,116.0,127.0,0.008723913787204926,1.7611253504506714,0.8499828942866917,1.0,0.8499828942866917,146.0,144.0,152.0,0.19565340329366612,0.9180567136014528,0.7224033103077867,0.5481704708059879,175977.0,0.0,0.00684931506849315,0.0,0.00684931506849315,0.3137254901960784,0.027777777777777776,1.0,0.773972602739726,1.0,0.9931506849315068,1.0,1.0
cec2017_f6,10.0,600.0,51,1.0,19.0,53.0,68.0,0.01910828025477707,3.12511557470578,0.6725365305357812,1.0,0.6725365305357812,164.0,159.0,174.0,0.24541161908905004,1.0,0.7545883809109499,0.6088860119090217,93186.0,0.0,0.006097560975609756,0.0,0.006097560975609756,0.0,0.006097560975609756,0.0,0.006097560975609756,0.0,0.006097560975609756,0.37254901960784315,0.03067484662576687
cec2017_f6,100.0,600.0,51,1.0,0.0,0.0,2.0,4.25,4.898979485566357,1.0,1.0,1.0,180.0,179.0,180.0,0.21977625723331798,1.0,0.780223742766682,0.5305193172287739,1265.0,0.0,0.005555555555555556,0.0,0.005555555555555556,0.0,0.005555555555555556,0.0,0.005555555555555556,0.0,0.005555555555555556,0.0,0.005555555555555556
cec2017_f6,400.0,600.0,51,1.0,0.0,0.0,0.0,0.0,0.0,0.0,0.0,0.0,180.0,180.0,180.0,,,,,,0.0,0.005555555555555556,0.0,0.005555555555555556,0.0,0.005555555555555556,0.0,0.005555555555555556,0.0,0.005555555555555556,0.0,0.005555555555555556
cec2017_f7,0.01,700.0,0,0.0,,,,,,0.4295059983327897,0.12255808053350731,0.0844568881156899,,,,0.005223659634771363,0.8286903396431485,0.8234666800083772,0.3338983492942307,296457.0,0.0,,0.0,,0.0,,0.0,,0.0,,0.0,
cec2017_f7,1.0,700.0,0,0.0,,,,,,0.4295059983327897,0.12255808053350731,0.0844568881156899,,,,0.005223659634771363,0.8286903396431485,0.8234666800083772,0.3338983492942307,296457.0,0.0,,0.0,,0.0,,0.0,,0.0,,0.0,
cec2017_f7,10.0,700.0,0,0.0,,,,,,0.4295059983327897,0.12255808053350731,0.0844568881156899,,,,0.005223659634771363,0.8286903396431485,0.8234666800083772,0.3338983492942307,296457.0,0.0,,0.0,,0.0,,0.0,,0.0,,0.0,
cec2017_f7,100.0,700.0,51,1.0,6.0,21.0,28.0,0.04985337243401759,1.769811121266526,0.9853372434017595,1.0,0.9853372434017595,173.0,171.0,178.0,0.21024748508019478,0.9494459826220774,0.7391984975418826,0.5550169881536037,68149.0,0.0,0.005780346820809248,0.0,0.005780346820809248,0.0,0.005780346820809248,0.0,0.005780346820809248,0.0,0.005780346820809248,0.0,0.005780346820809248
cec2017_f7,400.0,700.0,51,1.0,0.0,0.0,1.0,2.6842105263157894,6.999999999999999,1.0,1.0,1.0,180.0,179.0,180.0,0.21659226561839567,1.0,0.7834077343816044,0.5217984214470586,2433.0,0.0,0.005555555555555556,0.0,0.005555555555555556,0.0,0.005555555555555556,0.0,0.005555555555555556,0.0,0.005555555555555556,0.0,0.005555555555555556
cec2017_f8,0.01,800.0,0,0.0,,,,,,0.5032256895364431,0.11685875829074699,0.07752527998260303,,,,0.0057142068538454755,0.9194265082015154,0.9137123013476699,0.33085923764319436,267135.0,0.0,,0.0,,0.0,,0.0,,0.0,,0.0,
cec2017_f8,1.0,800.0,1,0.0196078431372549,1842.0,1842.0,1842.0,1.0644865981137297e-05,0.0,0.5030170298613257,0.1172007051852929,0.07775213100452555,7.0,7.0,7.0,0.005717105299800754,0.9194596691864054,0.9137425638866047,0.33088034532610366,267081.0,0.0,0.14285714285714285,0.0,0.14285714285714285,0.0,0.14285714285714285,0.0,0.14285714285714285,0.0,0.14285714285714285,0.0,0.14285714285714285
cec2017_f8,10.0,800.0,51,1.0,214.0,289.0,447.0,0.0032805866460825935,1.4821539039124585,0.7023028431750933,0.6350186543162228,0.42949954972340154,108.0,82.0,123.0,0.012782880579017164,1.0,0.9872171194209829,0.4573095651169918,133239.0,0.0,0.009259259259259259,0.0,0.009259259259259259,0.0,0.009259259259259259,0.0,0.009345794392523364,0.0,0.009345794392523364,0.0,0.009615384615384616
cec2017_f8,100.0,800.0,51,1.0,0.0,2.0,5.0,0.4473684210526316,2.9999999999999996,1.0,1.0,1.0,179.0,178.0,180.0,0.22232772026168132,1.0,0.7776722797383187,0.5346239102200046,11987.0,0.0,0.00558659217877095,0.0,0.00558659217877095,0.0,0.00558659217877095,0.0,0.00558659217877095,0.0,0.00558659217877095,0.0,0.00558659217877095
cec2017_f8,400.0,800.0,51,1.0,0.0,0.0,0.0,0.0,0.0,0.0,0.0,0.0,180.0,180.0,180.0,,,,,,0.0,0.005555555555555556,0.0,0.005555555555555556,0.0,0.005555555555555556,0.0,0.005555555555555556,0.0,0.005555555555555556,0.0,0.005555555555555556
cec2017_f9,0.01,900.0,51,1.0,134.0,150.0,165.0,0.0067061143984220905,1.4020202459419824,0.94543063773833,1.0,0.94543063773833,138.0,134.0,142.0,0.16015134982595358,0.823645831594383,0.6634944817684294,0.5114808670070496,261443.0,1.0,0.9562043795620438,1.0,1.0,1.0,1.0,1.0,1.0,1.0,1.0,1.0,1.0
cec2017_f9,1.0,900.0,51,1.0,87.0,106.0,116.0,0.009566685424873381,1.827586206896552,0.9221534421309323,1.0,0.9221534421309323,149.0,146.0,154.0,0.18782858108447306,0.8718287157886399,0.6840001347041668,0.5383147921149737,169250.0,0.0,0.006711409395973154,0.0,0.006711409395973154,0.0,0.00684931506849315,1.0,0.6190476190476191,1.0,1.0,1.0,1.0
cec2017_f9,10.0,900.0,51,1.0,60.0,77.0,90.0,0.013006885998469778,1.3743685418725535,0.8941596531497067,1.0,0.8941596531497067,157.0,153.0,162.0,0.20848121728093968,0.9187019889415539,0.7102207716606141,0.5589132451909866,124130.0,0.0,0.006369426751592357,0.0,0.006369426751592357,0.0,0.006369426751592357,0.0,0.006369426751592357,0.7254901960784313,0.08227848101265822,1.0,0.8580645161290322
cec2017_f9,100.0,900.0,51,1.0,32.0,44.0,54.0,0.022993688007213707,1.3757041773110508,0.8128944995491434,1.0,0.8128944995491434,166.0,163.0,170.0,0.23525077373671538,1.0,0.7647492262632847,0.5905596591386288,76742.0,0.0,0.006024096385542169,0.0,0.006024096385542169,0.0,0.006024096385542169,0.0,0.006024096385542169,0.0,0.006024096385542169,0.0,0.006024096385542169
cec2017_f9,400.0,900.0,51,1.0,7.0,19.0,33.0,0.052307692307692305,1.7725720956619866,0.7805128205128206,1.0,0.7805128205128206,174.0,170.0,177.0,0.2520135325967995,1.0,0.7479864674032005,0.5978964537702632,46696.0,0.0,0.005747126436781609,0.0,0.005747126436781609,0.0,0.005747126436781609,0.0,0.005747126436781609,0.0,0.005747126436781609,0.0,0.005747126436781609
